Kat. ceste;Štev. ceste;Štev. odseka;Prometni odsek;Stac. začetka;Stac. konca;Števno mesto;Tip pr. odseka;Tip avt. števca;Ime števnega mesta;Vsa vozila (PLDP);Motorji;Osebna vozila;Avtobusi;Lahka tov. < 3t;Sr. tov.  3-7t;Tež. tov. nad 7t;Tov. s prik.
AC;A1;0030;M.P.ŠENTILJ-ŠENTILJ;0;1230;674;O;QLD3;M.P. ŠENTILJ AC;8.712;32;8.456;56;150;18;0;0
AC;A1;0031;ŠENTILJ - PESNICA;0;9550;837;O;QLD3;C.P. PESNICA;10.018;40;9.280;64;240;70;12;312
AC;A1;0034;SLIVNICA;0;1700;802;P;;;22.578;52;18.396;108;1.562;812;580;1.068
AC;A1;0035;SLIVNICA-FRAM;0;1910;802;O;QLD6;C.P.HOČE;22.578;52;18.396;108;1.562;812;580;1.068
AC;A1;0036;FRAM-SL.BISTRICA;0;9740;802;P;;;19.000;44;15.482;90;1.314;684;488;898
AC;A1;0037;SL.BISTRICA-SL.KONJICE;0;9110;838;O;QLD3;C.P.TEPANJE;13.700;16;11.428;74;576;554;128;924
AC;A1;0136;PRIKLJ. SL. KONJICE-MB;0;150;65;O;;C.P. SL. KONJICE-MB;1.390;16;1.177;4;68;63;22;40
AC;A1;0136;PRIKLJ. SL. KONJICE-CE;150;1670;66;O;;C.P. SL.KONJICE-CE;2.030;4;1.797;4;103;72;14;36
AC;A1;0038;SL.KONJICE-DRAMLJE;0;10880;838;P;;;15.940;16;13.306;86;668;644;146;1.074
AC;A1;0039;DRAMLJE-CELJE;0;8440;838;P;;;16.200;16;13.526;86;680;654;148;1.090
AC;A1;0040;CELJE-ARJA VAS;0;7508;648;O;QLD6;LOPATA  - AC;22.308;56;16.970;116;1.858;1.020;652;1.636
AC;A1;0041;ARJA VAS-ŠENTRUPERT;0;9646;839;P;;;15.700;24;13.226;84;552;496;106;1.212
AC;A1;0042;ŠENTRUPERT-VRANSKO;0;7889;839;O;QLD3;C.P. VRANSKO;15.056;26;12.672;82;530;476;106;1.164
AC;A1;0043;VRANSKO-LOČICA;0;2510;839;P;;;20.000;30;16.844;108;702;632;138;1.546
AC;A1;0048;LJ (ZADOBROVA-ZALOŠKA);0;1435;179;P;;;33.088;76;29.382;38;1.532;1.152;498;410
AC;A1;0049;LJ (ZALOŠKA-LITIJSKA);0;1265;180;P;;;27.000;46;23.012;38;1.514;1.326;484;580
AC;A1;0050;LJ (LITIJSKA-MALENCE);0;3935;180;O;QLD6;VZH. OBVOZNICA;28.086;48;23.938;40;1.572;1.380;504;604
AC;A1;0019;MALENCE - LJ(DOLENJSKA C.);0;380;178;P;;;36.000;88;29.978;132;2.334;1.962;458;1.048
AC;A1;0018;LJ (DOLENJSKA - BARJANSKA);0;3940;178;O;QLD6;JUŽ. OBVOZNICA;34.254;84;28.528;124;2.218;1.868;436;996
AC;A1;0017;LJ (BARJANSKA - VIČ);0;2760;178;P;;;34.000;82;28.318;124;2.202;1.854;432;988
AC;A1;0016;LJ (VIČ - KOZARJE);0;880;178;P;;;47.000;116;39.140;170;3.046;2.564;598;1.366
AC;A1;0051;LJ(KOZARJE)-BREZOVICA;0;2300;170;P;;;41.000;118;34.688;150;2.990;1.192;648;1.214
AC;A1;0052;BREZOVICA-VRHNIKA;0;12405;800;O;QLD3;C.P. LJUBLJANA;31.698;108;28.652;224;800;452;170;1.292
AC;A1;0053;VRHNIKA-LOGATEC;0;8285;800;P;;;27.480;92;24.816;194;722;390;148;1.118
AC;A1;0054;LOGATEC-UNEC;0;10420;800;P;;;25.400;84;22.940;178;668;360;136;1.034
AC;A1;0055;UNEC-POSTOJNA;0;11380;807;P;;;23.400;60;20.462;146;666;382;216;1.468
AC;A1;0056;POSTOJNA-RAZDRTO;0;11140;807;O;QLD3;C.P. RAZDRTO;18.456;50;16.134;116;526;302;170;1.158
AC;A1;0057;RAZDRTO - SENOŽEČE;0;5450;812;O;;ČEBULOVICA AC;16.060;50;13.720;150;464;352;310;1.014
AC;A1;0058;SENOŽEČE -  GABRK;0;4385;812;P;;;13.400;40;11.448;126;388;294;260;844
AC;A1;0059; GABRK - DIVAČA;0;2790;814;O;;DIVAČA AC;13.670;70;11.838;86;444;360;168;704
AC;A1;0060;DIVAČA-KOZINA;0;6310;814;P;;;13.700;70;11.864;88;444;360;168;706
AC;A1;0236;DEKANI-BERTOKI;0;2180;11;P;;;40.330;272;35.878;218;2.094;1.062;308;498
AC;A1;0237;BERTOKI-ŠKOCJAN;0;2500;11;O;QLD6;BERTOKI AC;45.604;308;40.568;248;2.368;1.200;348;564
AC;A2;0001;M.P.KARAVANKE-HRUŠICA;0;5360;673;O;;M.P. KARAVANKE;4.950;22;4.106;52;220;156;156;238
AC;A2;0002;HRUŠICA-LIPCE;0;7168;646;P;;;11.000;54;9.306;94;690;402;110;344
AC;A2;0003;LIPCE-LESCE;0;6360;646;O;QLD6;LIPCE AC;14.734;72;12.464;124;926;540;148;460
AC;A2;0007;KRANJ Z-KRANJ V;0;5704;851;O;;KOKRICA AC;17.934;86;15.754;94;1.036;334;208;422
AC;A2;0008;KRANJ V - BRNIK;0;3887;850;P;;;17.186;48;16.390;70;298;130;66;184
AC;A2;0009;BRNIK - VODICE;0;5250;850;O;QLD3;C.P. TOROVO;16.888;46;16.010;70;298;94;138;232
AC;A2;0010;VODICE -LJ( ŠMARTNO);0;6968;850;P;;;25.274;68;23.726;88;422;378;138;454
AC;A2;0011;LJ(ŠMARTNO -  BROD);0;2375;852;O;;ŠMARTNO AC;25.562;58;23.966;120;454;372;138;454
AC;A2;0012;LJ(BROD-ŠENTVID);0;915;852;P;;;22.452;52;21.030;120;406;324;122;398
AC;A2;0014;LJ(KOSEZE - BRDO);0;1850;170;O;QLD6;ZAH. OBVOZNICA;64.102;184;54.232;236;4.674;1.864;1.012;1.900
AC;A2;0015;LJ(BRDO - KOZARJE);0;2400;170;P;;;60.000;172;50.760;220;4.376;1.746;948;1.778
AC;A2;0020;MALENCE - ŠMARJE-SAP;0;6298;645;O;QLD6;ŠMARJE SAP AC;33.096;76;28.164;204;2.152;1.000;428;1.072
AC;A2;0021;ŠMARJE SAP-GROSUPLJE;0;3869;645;P;;;33.480;76;28.490;206;2.178;1.012;434;1.084
AC;A2;0022;GROSUPLJE-VIŠNJA GORA;0;12830;645;P;;;23.400;54;19.912;144;1.522;708;302;758
AC;A3;0068;DIVAČA-SEŽANA V;0;7050;813;O;QLD3;C.P. DANE;5.330;6;4.616;50;148;80;118;312
AC;A3;0069;SEŽANA V - SEŽANA Z;0;2692;653;P;;;7.000;32;6.206;212;550;0;0;0
AC;A3;0070;SEŽANA Z - FERNETIČI;0;1570;653;O;QLD3;M.P. FERNETIČI;6.666;32;5.908;202;524;0;0;0
AC;A3;0372;KAMIONSKA C. FERNETČI;0;1660;653;B;QLD3;M.P. FERNETIČI;811;0;0;0;0;102;80;629
HC;H1;1462;ČRNIVEC-PODTABOR;0;5840;50;O;;PERAČICA;24.229;99;21.777;224;1.056;404;162;507
HC;H1;0209;PODTABOR-KRANJ Z;0;7300;647;O;QLD6;NAKLO;27.199;100;23.971;262;1.524;494;296;552
HC;H1;0218;VIŠNJA G.-IVANČNA GOR.;0;5170;601;O;SBH;VIŠNJA GORA;23.160;33;20.964;171;769;481;111;631
HC;H1;0219;IVANČNA GORICA-BIČ;0;800;55;P;;;15.000;29;12.909;162;705;470;100;625
HC;H1;0220;BIČ-TREBNJE;0;10465;55;O;;TREBNJE 1;15.100;29;12.994;164;710;473;101;629
HC;H1;0221;TREBNJE-KARTELJEVO;0;14730;634;O;QLD6;TREBNJE 2;14.702;22;11.982;128;1.050;346;252;922
HC;H1;0222;KARTELJEVO-MAČKOVEC;0;4025;634;P;;;7.500;11;6.112;65;536;176;129;471
HC;H1;0223;MAČKOVEC-OTOČEC;0;4200;634;P;;;13.000;20;10.593;114;929;306;223;815
HC;H1;0224;OTOČEC-DOBRUŠKA VAS;0;8025;602;O;QLD6;RUHNA VAS;12.564;20;10.263;132;829;364;200;756
HC;H1;0225;DOBRUŠKA VAS-SMEDNIK;0;6165;602;P;;;12.500;20;10.212;131;824;362;199;752
HC;H1;0226;SMEDNIK-DRNOVO;0;7475;602;P;;;12.500;20;10.212;131;824;362;199;752
HC;H1;0227;DRNOVO-ČATEŽ;0;11440;58;O;QLD6;DRNOVO 1;9.201;14;7.497;116;612;186;116;660
HC;H1;0228;ČATEŽ-MOKRICE;0;6955;58;P;;;10.700;16;8.718;135;712;217;135;767
HC;H1;0229;MOKRICE-OBREŽJE;0;2020;511;O;QLD3;M.P. OBREŽJE;7.675;2;7.065;77;122;83;26;300
HC;H2;0032;PESNICA-MARIBOR;0;4630;16;O;;POČEHOVA;30.000;72;26.760;116;1.050;570;300;1.132
HC;H2;0033;MARIBOR-TEZNO;0;2665;15;O;QLD6;MARIBOR HC;27.196;52;23.192;176;1.292;676;480;1.328
HC;H3;0085;ZADOBROVA -  LJ( ŠMARTINSKA);0;1455;179;O;QLD6;SV OBVOZNICA;31.852;72;28.362;36;1.394;1.112;480;396
HC;H3;0086;LJ(ŠMARTINSKA-TOMAČEVO);0;2086;174;P;;;45.000;112;38.930;108;2.648;1.278;572;1.352
HC;H3;0088;LJ(TOMAČEVO - DUNAJSKA);0;1140;174;P;;;63.900;160;55.274;154;3.762;1.816;814;1.920
HC;H3;0089;LJ(DUNAJSKA - CELOVŠKA);0;2650;174;O;QLD6;SEV. OBVOZNICA;54.330;136;46.996;132;3.198;1.544;692;1.632
HC;H3;0090;LJ(CELOVŠKA - KOSEZE);0;1880;170;P;;;60.920;174;51.540;224;4.442;1.772;962;1.806
HC;H4;0375;Z.P.VIPAVA-AJDOVŠČINA;0;3225;635;P;;;9.500;24;6.980;26;640;694;194;942
HC;H4;0376;AJDOVŠČINA-SELO;0;9115;635;O;QLD6;AJDOVŠČINA;9.040;23;6.922;25;483;485;167;935
HC;H4;0378;SELO - VOGRSKO;0;6730;816;O;;SELO;7.900;18;6.298;22;310;272;130;850
HC;H4;0379;VOGRSKO-NOVA GORICA;0;4780;815;O;QLD3;C.P. BAZARA;2.752;8;1.902;6;118;100;100;518
HC;H4;0380;NOVA GORICA-MP VRTOJBA;0;2200;671;O;QLD3;M.P. VRTOJBA;5.238;14;5.038;14;172;0;0;0
HC;H4;1467;KAMIONSKA CESTA VRTOJBA;0;1878;671;B;QLD3;M.P. VRTOJBA;1.380;0;0;0;0;149;156;1.075
G1;1;0240;M.P.VIČ-DRAVOGRAD;0;3590;663;O;QLD3;M.P. VIČ;1.623;21;1.492;20;34;15;3;38
G1;1;0241;DRAVOGRAD-RADLJE;0;16480;60;O;QLD6;GORTINA;6.502;28;5.683;72;308;183;102;126
G1;1;0242;RADLJE;0;2350;60;P;;;7.800;34;6.817;86;369;221;122;151
G1;1;0243;RADLJE-BREZNO;0;9000;605;O;QLD6;BREZNO;4.277;18;3.654;52;231;134;88;100
G1;1;0244;BREZNO-RUTA;0;9500;605;P;;;4.300;18;3.673;53;232;135;88;101
G1;1;0245;RUTA-SELNICA;0;10500;61;P;;;6.200;25;5.547;55;208;160;128;77
G1;1;0245;SELNICA-MB(OTOK);10500;20120;61;O;;SELNICA;7.700;31;6.890;69;258;199;158;95
G1;1;0245;MB(OTOK)-MB(KOROŠKI MOST);20120;20900;61;P;;;11.500;46;10.292;102;385;297;236;142
G1;1;1468;MB(KOROŠKI MOST - TITOVA);0;4760;165;P;;;12.638;78;11.437;283;492;160;102;86
G1;1;0246;MB(TITOVA)-HAJDINA;0;20780;606;O;QLD6;STARŠE;14.486;28;12.462;184;914;282;152;464
G1;2;1290;SL.BISTRICA-PRAGERSKO;0;7300;196;O;QLD6;DEVINA;6.873;14;5.345;35;399;308;184;588
G1;2;1290;PRAGERSKO-KIDRIČEVO;7300;16470;642;O;QLD3;KIDRIČEVO 1;6.147;22;5.235;29;322;304;106;129
G1;2;1290;KIDRIČEVO-HAJDINA;16470;20060;629;O;QLD3;KIDRIČEVO 2;7.660;32;6.794;28;399;276;6;125
G1;2;0247;HAJDINA-PTUJ;0;2070;606;P;;;21.800;42;18.756;277;1.375;424;228;698
G1;2;0248;PTUJ;0;1025;606;P;;;28.000;54;24.089;355;1.766;545;294;897
G1;2;0249;PTUJ-SPUHLJA;0;3020;606;P;;;14.500;28;12.475;184;915;282;152;464
G1;2;0250;SPUHLJA-ORMOŽ;0;17800;62;O;QLD6;CVETKOVCI;5.945;16;4.842;50;351;180;126;380
G1;2;0398;ORMOŽ Z - ORMOŽ V;0;3020;355;P;;;3.000;4;2.491;22;163;35;32;253
G1;2;1313;SREDIŠČE OB DRAVI - M.P.SRED.;9000;11865;522;O;QLD3;M.P. SR. OB DRAVI;1.126;5;869;1;53;11;8;179
G1;2;1313;ORMOŽ-SREDIŠČE OB DRAVI;0;9000;355;O;;OBREŽ;2.651;4;2.200;20;144;31;28;224
G1;3;0314;POČEHOVA-LENART;0;14380;84;O;QLD6;MOČNA;12.498;26;10.314;152;681;363;236;726
G1;3;0315;LENART-GORNJA RADGONA;0;17785;85;O;;SP. ŠČAVNICA;7.200;24;5.441;119;453;305;146;712
G1;3;0316;GORNJA RADGONA;0;1750;86;P;;;10.500;28;8.759;169;380;290;132;742
G1;3;0366;GORNJA RADGONA-RADENCI;0;5640;86;O;;ŠRATOVCI;11.300;30;9.427;182;409;312;141;799
G1;3;0317;RADENCI-PETANJCI;0;2050;86;P;;;9.000;24;7.507;145;326;249;113;636
G1;3;0318;PETANJCI-M.SOBOTA;0;10150;623;O;QLD6;TROPOVCI;7.903;19;6.297;112;405;280;142;648
G1;3;0319;M.SOBOTA-BRATONCI;0;5300;157;O;;RAKIČAN;10.000;15;8.450;153;407;260;102;613
G1;3;0320;BRATONCI-BELTINCI;0;2250;157;P;;;8.605;13;7.265;132;351;223;93;528
G1;3;0321;BELTINCI-ČRENŠOVCI;0;5800;87;O;;ODRANCI;6.000;25;4.761;112;213;167;86;636
G1;3;0369;ČRENŠOVCI;0;420;88;P;;;5.500;17;4.136;77;243;185;91;751
G1;3;0322;ČRENŠOVCI-LENDAVA;0;14050;88;O;QLD6;HOTIZA;5.300;16;3.985;74;235;178;88;724
G1;3;0815;D.LAKOŠ-RONDO DOLGA VAS;0;4670;88;P;;;3.600;11;2.707;50;159;121;60;492
G1;3;0487;RONDO DOLGA VAS;0;179;141;P;;;2.200;8;1.499;3;57;33;30;570
G1;3;1453;DOLGA VAS-MP DOLGA VAS;0;2520;141;O;QLD3;M.P. DOLGA VAS;2.426;8;1.653;3;63;37;34;628
G1;4;1257;DRAVOGRAD-OTIŠKI VRH;0;1370;131;P;;;10.600;95;9.226;145;434;401;141;158
G1;4;1258;OTIŠKI VRH-SL.GRADEC;0;9170;131;O;;SLOV. GRADEC;12.100;109;10.532;165;495;457;161;181
G1;4;1445;SL.GRADEC;0;1910;131;P;;;7.800;70;6.789;107;319;294;104;117
G1;4;1259;SL.GRADEC-ZG.DOLIČ;0;12985;621;O;QLD6;MISLINJA;7.209;26;6.008;90;529;258;108;190
G1;4;1260;ZG.DOLIČ-VELENJE;0;11550;621;P;;;6.800;25;5.667;85;499;243;102;179
G1;4;1261;VELENJE-ČRNOVA;0;7350;132;O;;ČRNOVA;10.700;101;9.344;96;471;363;100;225
G1;4;1262;ČRNOVA-ARJA VAS;0;7020;133;O;QLD6;VEL. PIREŠICA;10.720;36;8.946;86;588;470;284;310
G1;4;1448;ARJA VAS-ŽALEC;0;1820;70;O;;ŽALEC;4.000;13;3.402;48;237;184;58;58
G1;5;1469;ARJA VAS;0;2490;130;O;;ARJA VAS 2;4.500;21;4.042;34;178;160;39;26
G1;5;0286;ARJA VAS- CELJE;0;6560;69;O;;ARJA VAS 1;16.000;57;14.338;227;701;458;89;130
G1;5;0328;CELJE-CE(POLULE);0;2000;90;P;;;17.000;43;15.100;82;778;437;197;363
G1;5;0328;CE(POLULE)-ŠMARJETA;2000;17325;90;O;QLD6;KOŠNICA;12.061;30;10.713;58;552;310;140;258
G1;5;0329;ŠMARJETA-RIMSKE TOPLICE;0;1050;91;O;QLD6;RIMSKE TOPLICE;6.005;18;5.265;42;302;198;84;96
G1;5;0330;RIM.TOPLICE-ZIDANI MOST;0;6750;91;P;;;5.500;16;4.823;38;277;181;77;88
G1;5;0331;ZIDANI MOST-RADEČE;0;2815;92;O;;RADEČE;5.270;3;4.448;29;393;253;36;108
G1;5;0360;RADEČE;0;520;92;P;;;5.370;3;4.533;29;400;258;37;110
G1;5;0332;RADEČE-BOŠTANJ;0;11270;92;P;;;5.580;3;4.709;31;416;268;38;115
G1;5;0333;BOŠTANJ;0;790;630;P;;;4.650;13;3.953;19;277;176;101;111
G1;5;0334;SEVNICA-IMPOLJCA;0;4490;630;O;QLD6;LOG PRI SEVNICI;4.235;12;3.599;18;252;160;92;102
G1;5;0335;IMPOLJCA-BRESTANICA;0;9790;630;P;;;4.550;13;3.867;19;271;172;99;109
G1;5;0361;BRESTANICA-KRŠKO;0;3900;630;P;;;5.270;15;4.477;23;315;199;114;127
G1;5;0336;KRŠKO-DRNOVO;0;4630;95;O;;DRNOVO 2;9.000;45;7.723;84;392;256;205;295
G1;5;0337;DRNOVO;0;540;95;P;;;9.000;45;7.723;84;392;256;205;295
G1;6;0338;POSTOJNA-PIVKA;0;10260;82;O;;RAKITNIK;11.363;97;9.911;119;542;388;97;209
G1;6;0339;PIVKA-RIBNICA;0;9945;615;O;QLD6;RIBNICA;3.714;40;3.150;40;177;75;46;186
G1;6;0340;RIBNICA-PREM;0;4215;615;P;;;4.230;46;3.587;45;202;86;52;212
G1;6;0341;PREM-IL.BISTRICA;0;6210;615;P;;;4.230;46;3.587;45;202;86;52;212
G1;6;0342;IL.BISTRICA;0;1160;83;P;;;5.500;68;5.003;68;121;64;32;144
G1;6;0363;IL.BISTRICA;0;1470;83;P;;;10.500;129;9.552;130;231;122;61;275
G1;6;0343;IL.BISTRICA-JELŠANE;0;8500;83;O;;DOL. ZEMON;5.640;69;5.130;70;124;66;33;148
G1;6;0343;JELŠANE - MP JELŠANE;8500;10000;504;O;QLD3;M.P. JELŠANE;4.315;38;4.086;30;45;19;10;87
G1;7;0356;M.P. STAROD-PODGRAD;0;6500;503;O;QLD3;M.P. STAROD;4.254;56;3.654;42;110;99;20;273
G1;7;0355;PODGRAD-OBROV;0;5900;503;P;;;4.980;65;4.280;49;135;104;36;311
G1;7;0354;OBROV-KOZINA;0;14500;604;O;QLD6;GRADIŠČE;6.456;50;5.464;62;392;120;42;326
G1;7;0353;KOZINA-M.P.KRVAVI POTOK;0;3225;652;O;QLD3;M.P. KRVAVI POTOK;5.133;42;4.770;74;70;45;18;114
G1;8;0207;VRBA-LESCE;0;1407;646;P;;;18.900;92;15.989;159;1.187;693;190;590
G1;8;0208;LESCE-ČRNIVEC;0;6400;632;O;QLD6;RADOVLJICA;23.806;86;21.161;292;1.199;394;184;490
G1;8;0213;LJ(ŠENTVID - OBVOZNICA);0;2900;725;O;;LJ - DRAVLJE;60.000;192;56.190;852;1.061;836;461;408
G1;9;0352;HAJDINA-JUROVCI;0;6040;649;O;QLD6;HAJDINA;9.786;22;8.373;132;591;176;92;400
G1;9;0362;JUROVCI;0;1000;649;P;;;7.250;16;6.203;98;438;130;68;297
G1;9;0351;JUROVCI-PODLEHNIK;0;4200;518;P;;;6.951;48;6.378;54;158;50;63;200
G1;9;0351;PODLEHNIK - MP GRUŠKOVJE;4200;10920;518;O;QLD3;M.P. GRUŠKOVJE;6.270;43;5.740;50;144;46;65;182
G1;10;1449;LOČICA;0;1047;839;P;;;20.280;31;17.079;110;713;641;139;1.567
G1;10;0291;LOČICA-TROJANE;0;7510;71;O;;TROJANE 1;17.200;118;12.950;293;1.070;1.037;142;1.590
G1;10;0292;TROJANE-ŽELODNIK;0;20610;72;O;QLD6;TROJANE 2;17.204;60;12.876;200;1.248;668;526;1.626
G1;10;0293;ŽELODNIK-DOMŽALE;0;4285;610;O;QLD6;ŽELODNIK;25.561;56;20.681;248;1.564;802;566;1.644
G1;10;0294;DOMŽALE-TRZIN;0;2603;610;P;;;29.000;63;23.465;281;1.774;910;642;1.865
G1;10;0295;TRZIN-LJ(ČRNUČE);0;3687;73;O;QLD6;TRZIN;44.944;132;38.306;312;2.650;1.088;748;1.708
G1;10;0087;LJ(ČRNUČE - BRNČIČEVA);0;1000;172;O;QLD6;SEV. VPADNICA;46.000;109;39.970;252;2.070;1.364;444;1.791
G1;10;0087;LJ(BRNČIČEVA - TOMAČEVO);1000;2970;172;P;;;50.000;118;43.446;274;2.252;1.482;482;1.946
G1;10;1463;KOZINA;0;760;814;P;;;13.100;66;11.345;83;425;345;161;675
G1;10;0311;KOZINA-KASTELEC;0;8890;614;O;QLD6;PETRINJE;14.659;102;12.345;110;944;296;184;678
G1;10;0312;KASTELEC-RIŽANA;0;6230;614;P;;;14.700;103;12.381;110;946;297;184;679
G1;10;0313;RIŽANA-DEKANI;0;5900;79;O;;DEKANI;20.700;170;18.100;149;594;634;361;692
G1;11;0235;M.P.ŠKOFIJE-ŠKOFIJE;0;1000;651;O;QLD3;M.P. ŠKOFIJE;11.093;141;10.659;40;86;37;27;103
G1;11;0235;ŠKOFIJE-DEKANI;1000;3545;651;P;;;12.300;156;11.822;40;96;41;30;115
G1;11;1062;KOPER-ŠMARJE;0;6000;149;O;QLD6;KOPER;12.590;78;11.483;42;622;228;57;80
G1;11;1062;ŠMARJE-DRAGONJA;6000;13650;150;O;;ŠMARJE;8.900;142;8.144;44;318;138;31;83
G1;11;1062;DRAGONJA-MP DRAGONJA;13650;14530;14;O;QLD3;M.P. DRAGONJA;6.082;39;5.935;11;46;14;7;30
G1;12;0344;RAZDRTO-MANČE;0;12000;644;O;QLD6;PODGRIČ;5.879;20;3.925;46;393;278;194;1.023
G1;12;0345;MANČE-LOG;0;6165;635;P;;;12.120;32;8.906;32;816;885;247;1.202
G1;13;0273;MARIBOR(PTUJSKA)-HOČE;0;4590;731;O;;MB - IND.CONA;34.000;47;28.887;415;1.345;1.212;456;1.638
G1;13;0381;HOČE - SLIVNICA;0;965;731;P;;;22.600;31;19.200;276;894;806;304;1.089
G2;101;0232;M.P.LJUBELJ-BISTRICA;0;12500;660;O;QLD3;M.P. LJUBELJ;2.043;51;1.948;22;18;4;0;0
G2;101;0231;BISTRICA(TRŽIČ)-ZVIRČE;0;3280;3;O;QLD3;KOVOR;7.274;58;7.046;21;92;40;8;9
G2;101;0230;ZVIRČE-PODTABOR;0;2700;3;P;;;7.000;56;6.780;20;89;38;8;9
G2;102;1031;M.P.ROBIČ-STARO SELO;0;5630;655;O;QLD3;M.P. ROBIČ;844;0;835;3;3;3;0;0
G2;102;1030;STARO SELO-KOBARID;0;3320;212;O;;KOBARID;2.368;25;2.175;13;70;42;36;7
G2;102;1005;KOBARID-IDRSKO;0;2200;679;O;QLD6;IDRSKO;3.904;60;3.446;26;168;128;46;30
G2;102;1006;IDRSKO-PRŠETI;0;11670;97;O;;IDRSKO;4.000;12;3.515;66;193;91;37;86
G2;102;1040;PERŠETI-MOST NA SOČI;0;7600;404;O;;TOLMIN;4.000;25;3.560;40;168;99;83;25
G2;102;1039;MOST NA SOČI-BAČA;0;2130;404;P;;;3.500;22;3.114;35;147;87;73;22
G2;102;1038;BAČA-DOL. TREBUŠA;0;8500;104;O;;IDRIJA PRI BAČI;2.200;8;1.866;35;128;90;38;35
G2;102;1037;DOL TREBUŠA-ŽELIN;0;13300;440;O;;ŽELIN 2;1.850;10;1.555;28;99;48;69;41
G2;102;1036;ŽELIN-SPODNJA IDRIJA(MAROF);0;11300;447;O;;ŽELIN 3;2.400;9;2.087;43;121;38;56;46
G2;102;1035;SPODNJA IDRIJA;0;1900;617;P;;;2.600;19;2.275;29;140;74;24;39
G2;102;1034;SP. IDRIJA-GODOVIČ;0;13460;617;O;QLD6;IDRIJA;3.731;28;3.265;42;200;106;34;56
G2;102;1033;GODOVIČ-KALCE;0;11233;100;O;;HOTEDRŠICA;3.400;23;2.845;45;184;162;25;116
G2;102;1460;KALCE-LOGATEC;0;3490;74;O;;KALCE;7.000;84;6.028;95;315;274;52;152
G2;102;1461;LOGATEC;0;1672;74;P;;;4.500;53;3.874;62;203;176;34;98
G2;103;1007;PERŠETI-UŠNIK;0;4080;616;P;;;3.240;35;2.664;23;187;168;97;66
G2;103;1008;UŠNIK-PLAVE;0;20230;616;O;QLD6;DOBLAR;3.344;36;2.749;24;193;174;100;68
G2;103;1009;PLAVE-SOLKAN;0;10070;99;O;;SOLKAN;5.350;102;4.662;58;167;118;163;80
G2;103;1010;SOLKAN-NG(KROMBERŠKA C.);0;2500;99;P;;;14.600;278;12.725;157;455;323;444;218
G2;103;1010;NG(KROMBERŠKA C.)-NOVA GORICA;2500;5192;209;P;;;23.000;103;20.201;205;955;680;264;592
G2;103;1447;NOVA GORICA - ŠEMPETER;0;2315;209;P;;;8.000;36;7.026;71;333;236;92;206
G2;104;1136;KRANJ-LETALIŠČE;0;6000;113;O;;BRNIK-LETALIŠČE;15.500;46;13.912;91;785;379;139;148
G2;104;1136;LETALIŠČE-SP.BRNIK;6000;8330;627;O;QLD6;BRNIK;12.347;44;10.850;84;735;318;156;160
G2;104;1137;SP.BRNIK-MOSTE;0;6245;627;P;;;9.000;32;7.908;62;536;232;114;116
G2;104;1138;MOSTE-MENGEŠ;0;3900;627;P;;;8.000;29;7.029;55;476;206;101;104
G2;104;1139;MENGEŠ-TRZIN;0;4158;116;O;;MENGEŠKA LOKA;15.000;134;13.575;93;521;282;181;214
G2;105;0252;KARTELJEVO-NM(BRŠLJIN);0;4190;63;O;;BUČNA VAS;6.640;42;5.823;61;407;168;56;83
G2;105;0253;NOVO MESTO (BRŠLJIN - KRKA);0;2885;63;P;;;16.000;101;14.034;147;981;403;134;200
G2;105;0255;NOVO MESTO(KRKA - IMV);0;1805;63;P;;;13.000;82;11.402;119;797;328;109;163
G2;105;0256;NOVO MESTO(IMV) - METLIKA;0;26555;607;O;QLD6;GORJANCI;3.465;16;2.939;28;186;154;62;80
G2;105;0258;METLIKA-M.P.METLIKA;0;1480;155;O;QLD3;M.P. METLIKA;2.673;1;2.462;16;94;37;8;55
G2;105;0259;MAČKOVEC-NM(KRKA);0;1710;159;O;;MAČKOVEC;17.200;92;14.935;202;798;422;277;474
G2;106;0215;LJ(RUDNIK)-ŠKOFLJICA;0;4555;6;O;;ŠKOFLJICA;13.600;50;12.165;172;560;308;181;164
G2;106;0260;ŠKOFLJICA;0;520;117;P;;;7.700;28;6.831;82;357;225;71;106
G2;106;0261;ŠKOFLJICA-RAŠICA;0;16450;117;O;QLD6;ŽELIMLJE;7.129;26;6.325;76;330;208;66;98
G2;106;0262;RAŠICA-ŽLEBIČ;0;12550;410;O;;ŽLEBIČ 2;5.400;25;4.844;91;192;149;26;73
G2;106;0263;ŽLEBIČ-DOLENJA VAS;0;9490;410;P;;;5.130;24;4.599;87;183;142;25;70
G2;106;0263;DOLENJA VAS-KOČEVJE;9490;19050;619;O;QLD6;STARA CERKEV;5.262;30;4.680;56;228;136;50;82
G2;106;0264;KOČEVJE-LIVOLD;0;6142;119;P;;;2.720;69;2.416;29;91;38;57;20
G2;106;0265;ŠTALCERJI-FARA;6200;21580;507;P;;;790;4;782;2;2;0;0;0
G2;106;0265;LIVOLD-ŠTALCERJI;0;6200;119;O;;ŠTALCERJI;2.291;58;2.035;24;77;32;48;17
G2;106;0266;FARA-M.P. PETRINA;0;2560;507;O;QLD3;M.P. PETRINA;755;4;747;2;2;0;0;0
G2;106;0216;ŠKOFLJICA-ŠMARJE SAP;0;3000;6;P;;;4.000;15;3.576;50;165;91;54;49
G2;107;1274;CE(VZHODNA M.)-ŠENTJUR;0;10980;134;O;;ŠTORE;11.320;30;10.390;183;346;200;60;111
G2;107;1275;ŠENTJUR-MESTINJE;0;14410;622;O;QLD6;STOPČE;7.914;44;7.125;59;326;149;68;143
G2;107;1238;MESTINJE-PODPLAT;0;2060;622;P;;;6.890;39;6.203;51;283;130;59;125
G2;107;1276;PODPLAT-ROG. SLATINA;0;2450;136;O;;ROGAŠKA SLATINA;7.839;35;7.023;60;274;232;70;145
G2;107;1276;ROG. SLATINA - ROGATEC;2450;12500;136;P;;;3.220;15;2.883;25;113;95;29;60
G2;107;1277;ROGATEC;0;2000;337;P;;;2.200;0;1.899;42;88;26;0;145
G2;107;1277;ROGATEC-MP DOBOVEC;2000;7865;337;O;QLD3;M.P. DOBOVEC;1.209;0;1.043;23;49;14;0;80
G2;108;1180;ČRNUČE-ŠENTJAKOB;0;3580;120;O;;ŠENTJAKOB;9.000;24;8.025;47;447;292;89;76
G2;108;1181;ŠENTJAKOB-RIBČE;0;14870;121;O;;DOLSKO;9.300;26;8.431;37;333;297;104;72
G2;108;1182;RIBČE-LITIJA;0;13474;678;O;QLD6;ZGORNJI LOG;8.462;28;7.601;30;383;244;106;70
G2;108;1183;LITIJA-ZAGORJE;0;14981;620;O;QLD6;RENKE;5.560;16;4.866;16;298;218;80;66
G2;108;1184;ZAGORJE-TRBOVLJE;0;4316;122;O;;ZAGORJE 1;7.620;23;6.917;14;257;194;116;99
G2;108;1185;TRBOVLJE-HRASTNIK;0;5162;123;O;;TRBOVLJE 1;5.740;11;5.053;56;237;168;88;127
G2;108;1186;HRASTNIK-ZIDANI MOST;0;8520;124;O;;ZIDANI MOST;1.600;9;1.472;1;87;30;1;0
G2;109;0357;M.P. PETIŠOVCI-PETIŠOVCI;0;1000;143;O;QLD3;M.P. PETIŠOVCI;2.064;6;1.968;13;29;6;11;31
G2;109;0357;PETIŠOVCI-LENDAVA;1000;4300;89;O;;LENDAVA 2;2.700;9;2.320;19;91;54;60;147
G2;110;0327;G.RADGONA-M.P.G.RADGONA;0;970;665;O;QLD3;M.P. RADGONA;3.162;3;2.956;10;58;16;1;118
G2;111;0238;KOPER-RUDA(IZOLA);0;5435;626;O;QLD6;IZOLA;27.296;115;25.146;114;1.005;656;150;110
G2;111;0373;RUDA(IZOLA)-VALETA;0;8255;13;O;QLD6;IZOLA - OBVOZNICA;17.154;136;15.848;92;558;416;48;56
G2;111;0239;VALETA-SEČOVLJE;0;7000;12;O;;SEČOVLJE;7.900;93;7.343;81;184;144;11;44
G2;111;0239; SEČOVLJE-MP SEČOVLJE;7000;7280;500;O;QLD3;M.P. SEČOVLJE;5.249;58;5.147;16;16;5;2;5
R1;201;0201;M.P.KORENSKO SEDLO-PODKOREN;0;3650;659;O;QLD3;M.P. KOR. SEDLO;2.349;18;2.317;3;10;1;0;0
R1;201;0202;PODKOREN-KR.GORA;0;2550;659;P;;;5.600;42;5.525;7;23;3;0;0
R1;201;0203;KR.GORA-MOJSTRANA-DOVJE;0;12100;631;O;QLD3;GOZD MARTULJEK;5.693;36;5.285;126;121;97;14;14
R1;201;0204;DOVJE-MOJSTRANA-KRAJE;0;2420;631;P;;;5.800;36;5.385;128;124;99;14;14
R1;201;0205;KRAJE-HRUŠICA;0;4030;631;P;;;5.800;36;5.385;128;124;99;14;14
R1;202;0234;M.P.RATEČE-RATEČE;0;1380;658;O;QLD3;M.P.RATEČE;2.672;15;2.657;0;0;0;0;0
R1;202;0233;RATEČE-PODKOREN;0;3050;658;P;;;2.700;16;2.684;0;0;0;0;0
R1;203;1002;M.P.PREDEL-BOVEC;0;15200;657;O;;M.P. PREDEL;150;4;146;0;0;0;0;0
R1;203;1003;BOVEC-ŽAGA;0;9820;96;P;;;1.900;61;1.566;33;141;54;31;14
R1;203;1004;ŽAGA-KOBARID;0;13500;96;O;;ŽAGA;1.927;62;1.589;33;143;55;31;14
R1;204;1012;ŠEMPETER-DORNBERK;0;8343;203;O;;DOMBRAVA;6.106;45;5.599;39;215;131;45;32
R1;204;1013;DORNBERK-ŠTANJEL;0;13185;204;O;QLD6;BRANIK;2.842;22;2.530;14;132;104;20;20
R1;204;1014;ŠTANJEL-DUTOVLJE;0;7820;205;P;;;3.000;42;2.673;22;120;35;45;63
R1;204;1015;DUTOVLJE-SEŽANA;0;7890;205;O;;DUTOVLJE;3.100;43;2.763;23;124;36;46;65
R1;205;1026;DIVAČA-LOKEV-LIPICA;0;8710;418;O;SBH;M.P. LIPICA;3.255;24;3.208;1;20;2;0;0
R1;206;1027;KR.GORA-VRŠIČ;0;12570;211;P;;;800;42;735;7;5;7;4;0
R1;206;1028;VRŠIČ-TRENTA;0;8960;211;P;;;380;19;350;3;3;3;2;0
R1;206;1029;TRENTA-BOVEC;0;22600;211;O;SBH;TRENTA;380;19;350;3;3;3;2;0
R1;207;1057;GODOVIČ-ČRNI VRH;0;7030;105;O;;ČRNI VRH;2.000;8;1.692;19;105;108;14;54
R1;207;1058;ČRNI VRH-COL;0;9602;105;P;;;2.300;9;1.946;22;121;124;16;62
R1;207;1413;COL-AJDOVŠČINA;0;8696;427;O;QLD3;AJDOVŠČINA;3.109;19;2.871;0;86;71;19;43
R1;208;1059;AVER-GRAČIŠČE;0;8750;151;P;;;2.240;18;2.138;18;34;32;0;0
R1;208;1060;GRAČIŠČE-SOČERGA;0;5000;151;O;;GRAČIŠČE;2.510;20;2.397;20;37;36;0;0
R1;208;1060;SOČERGA - MP  SOČERGA;5000;8600;502;O;QLD3;M.P. SOČERGA;2.358;9;2.318;13;4;14;0;0
R1;208;1149;RIŽANA-MOSTIČJE;0;1950;151;P;;;1.200;9;1.145;10;18;18;0;0
R1;209;1088;LESCE-BLED;0;3545;109;O;QLD3;BLED;18.187;132;17.531;119;210;143;38;14
R1;209;1089;BLED-PRISTAVA;0;2200;109;P;;;9.300;67;8.966;60;107;73;19;8
R1;209;1089;PRISTAVA-SOTESKA;2200;10530;110;O;QLD3;BOHINJSKA BELA;3.341;32;3.167;18;61;45;12;6
R1;209;1090;SOTESKA-BITNJE;0;8510;110;P;;;2.950;28;2.796;16;54;39;11;6
R1;209;1091;BITNJE-BOH.BISTRICA;0;1340;110;P;;;3.050;29;2.891;17;55;41;11;6
R1;209;1092;BOH.BISTRICA-JEZERO;0;6200;255;O;;BOHINJ;1.520;9;1.317;62;51;22;59;0
R1;210;1105;M.P.ZG.JEZERSKO-SP.JEZERSKO;0;10500;661;O;SBH;M.P. JEZERSKO;254;8;227;2;8;9;0;0
R1;210;1106;SP.JEZERSKO-PREDDVOR;0;15800;242;O;;KOKRA;1.400;93;1.214;18;27;38;9;1
R1;210;1107;PREDDVOR-KR(PRIMSKOVO);0;8575;249;O;QLD3;VISOKO;5.542;23;5.309;26;105;54;13;12
R1;210;1108;KR(PRIMSKOVO-LABORE);0;2600;244;O;;KRANJ 2;11.700;100;10.646;39;392;400;63;60
R1;210;1109;KRANJ-ŠKOFJA LOKA;0;7770;111;O;;SVETI  DUH;12.300;100;11.191;86;448;315;71;89
R1;210;1077;ŠKOFJA LOKA;0;930;111;P;;;20.000;163;18.194;140;729;513;116;145
R1;210;1110;ŠK.LOKA-GORENJA VAS;0;16170;112;O;QLD6;ZMINEC;6.292;26;5.652;50;272;194;70;28
R1;210;1111;GORENJA VAS-TREBIJA;0;4980;408;O;;TREBIJA 1;3.930;39;3.472;69;183;62;82;23
R1;210;1112;TREBIJA-SOVODENJ;0;5880;409;O;SBH;TREBIJA 2;1.295;25;1.093;22;65;22;54;14
R1;210;1113;SOVODENJ-CERKNO;0;11981;409;P;;;600;12;505;10;31;10;25;7
R1;210;1114;CERKNO-ŽELIN;0;4200;102;O;;ŽELIN;2.100;12;1.817;62;82;42;59;26
R1;210;1078;ŠKOFJA LOKA-JEPRCA;0;6170;106;O;;GODEŠIČ;11.000;40;9.873;91;513;283;77;123
R1;211;0211;KR(LABORE)-JEPRCA;0;8150;625;O;QLD3;MEJA PRI KRANJU;11.582;40;10.317;183;575;282;65;120
R1;211;0212;STANEŽIČE -LJ( ŠENTVID);8000;8675;643;P;;;26.000;59;23.414;271;1.200;475;240;341
R1;211;0212;JEPRCA-MEDVODE;0;3650;52;O;;MEDVODE;20.000;185;17.775;320;768;577;71;304
R1;211;0212;MEDVODE-STANEŽIČE;3650;8000;643;O;QLD6;MEDNO;25.519;58;22.982;266;1.177;466;236;334
R1;212;1115;UNEC;0;610;245;P;;;6.600;21;5.690;65;369;329;26;100
R1;212;1116;UNEC-RAKEK;0;2160;245;P;;;6.600;21;5.690;65;369;329;26;100
R1;212;1117;RAKEK-CERKNICA;0;3980;245;O;;RAKEK;6.000;19;5.173;60;335;299;23;91
R1;212;1118;CERKNICA-BL.POLICA;0;10965;246;O;QLD3;GRAHOVO;3.956;34;3.551;33;143;115;23;57
R1;212;1119;BL.POLICA-SODRAŽICA;0;17315;247;O;QLD3;NOVA VAS;2.078;20;1.901;0;63;56;9;29
R1;212;1120;SODRAŽICA-ŽLEBIČ;0;5770;248;O;;ŽLEBIC 1;2.400;12;1.992;33;138;151;12;62
R1;213;1365;BLOŠKA POLICA-PUDOB;0;8200;386;O;;STARI TRG;2.400;8;2.176;47;81;49;4;35
R1;213;1366;PUDOB-BABNO POLJE;0;10460;384;O;SBH;BABNO POLJE;577;6;528;28;8;4;0;3
R1;214;1156;KOČEVJE-STARI LOG;0;11975;268;P;;;1.100;15;997;0;36;23;13;16
R1;214;1157;STARI LOG-DVOR;0;14750;268;O;QLD3;SMUKA;993;14;899;0;33;21;12;14
R1;215;1456;TREBNJE;0;1450;270;P;;;10.000;20;8.850;54;511;312;136;117
R1;215;1162;TREBNJE-MOKRONOG;0;14200;270;O;QLD6;BISTRICA;4.103;8;3.631;22;210;128;56;48
R1;215;1163;MOKRONOG-BOŠTANJ;0;18630;448;O;;TRŽIŠČE;1.850;18;1.538;16;138;91;25;24
R1;216;1367;IVANČNA GORICA-KRKA;0;6850;387;O;;IVANČNA GORICA 2;4.200;21;3.829;48;153;87;29;33
R1;216;1175;KRKA-ŽUŽEMBERK;0;13550;277;O;QLD6;ZAGRADEC;2.699;10;2.377;18;102;120;30;42
R1;216;1158;ŽUŽEMBERK-DVOR;0;4270;278;O;;ŽUŽEMBERK 2;3.308;34;2.905;55;190;71;22;31
R1;216;1176;DVOR-SOTESKA;0;5550;163;O;;DVOR;4.005;61;3.404;55;274;114;22;75
R1;216;1177;SOTESKA-ČRMOŠNJICE;0;14355;279;O;QLD3;PODTURN;2.622;5;2.445;0;54;58;16;44
R1;216;1178;ČRMOŠNJICE-RUČETNA VAS;0;9600;280;P;;;2.400;15;2.129;21;97;80;18;40
R1;216;1178;RUČETNA VAS-ČRNOMELJ;9600;15210;280;O;;LOKVE;4.000;25;3.548;36;161;133;30;67
R1;217;1208;LIVOLD-BREZOVICA;0;16230;466;O;;MOZELJ;944;8;734;5;57;42;72;26
R1;217;1209;BREZOVICA-DOBLIČE;0;17000;299;O;;BREZOVICA;50;0;41;2;3;2;1;1
R1;217;1209;DOBLIČE-KANIŽARICA;17000;19930;300;O;;DOBLIČE;360;0;309;10;13;17;2;9
R1;218;1211;METLIKA-PODZEMELJ;0;5570;450;O;;PODZEMELJ 3;3.709;41;3.326;48;155;79;21;39
R1;218;1212;PODZEMELJ-ČRNOMELJ;0;8950;302;O;QLD6;PODZEMELJ 1;3.643;12;3.305;18;102;140;34;32
R1;218;1152;ČRNOMELJ;0;730;302;P;;;10.000;33;9.074;49;279;384;93;88
R1;218;1213;ČRNOMELJ-KANIŽARICA;0;2215;303;P;;;5.000;18;4.661;0;88;154;60;19
R1;218;1214;KANIŽARICA-VINICA;0;15535;303;O;QLD3;DRAGATUŠ;1.993;8;1.856;0;36;61;24;8
R1;218;1153;VINICA;0;160;154;P;;;1.700;2;1.610;46;22;20;0;0
R1;218;1215;VINICA-MOST ČEZ KOLPO;0;850;154;O;SBH;M.P. VINICA;539;1;510;15;7;6;0;0
R1;219;1236;SL.BISTRICA-POLJČANE;0;8600;125;O;;POLJČANE;5.473;38;4.636;51;258;222;157;111
R1;219;1410;POLJČANE;0;700;125;P;;;6.000;42;5.083;56;282;243;172;122
R1;219;1237;POLJČANE-PODPLAT;0;9370;126;O;QLD6;PODPLAT;3.914;12;3.319;16;169;234;78;86
R1;219;1239;MESTINJE-GOLOBINJEK;0;14900;128;O;QLD6;PODČETRTEK;4.293;13;3.789;36;214;129;44;68
R1;219;1240;GOLOBINJEK-BISTRICA;0;9100;412;O;;BISTRICA 2;2.600;6;2.246;32;165;62;8;81
R1;219;1421;BISTRICA OB SOTLI;0;720;412;P;;;2.200;5;1.899;27;140;53;7;69
R1;219;1241;BISTRICA-BIZELJSKO;0;6805;413;O;QLD6;BIZELJSKO;1.458;6;1.200;8;76;72;30;66
R1;219;1242;BREŽICE-ČATEŽ;16000;17570;129;P;;;11.000;48;9.641;119;664;197;93;238
R1;219;1242;BIZELJSKO-BREŽICE;0;16000;129;O;;BUKOŠEK;2.965;13;2.599;32;179;53;25;64
R1;220;1334;KRŠKO-BREŽICE;0;12880;367;O;QLD3;DOLENJA VAS;5.546;11;5.267;0;125;79;35;29
R1;221;1227;TROJANE-IZLAKE;0;7277;314;O;;TROJANE 2;2.300;11;1.966;12;114;89;45;63
R1;221;1218;IZLAKE-ZAGORJE;0;6300;306;O;QLD6;KISOVEC;6.310;18;5.690;82;226;148;58;88
R1;221;1219;ZAGORJE-BEVŠKO;0;5450;307;O;;BEVŠKO;2.900;16;2.652;89;99;34;8;2
R1;221;1220;BEVŠKO-TRBOVLJE;0;3000;307;P;;;5.000;28;4.571;154;171;58;14;4
R1;221;1221;TRBOVLJE-HRASTNIK;0;9100;309;O;;HRASTNIK;300;7;231;0;11;50;1;0
R1;221;1222;HRASTNIK-ŠMARJETA;0;9650;310;O;QLD6;MARNO;4.463;14;3.870;44;189;170;60;116
R1;222;1228;ZAGORJE-MOST ČEZ SAVO;0;1950;127;P;;;5.600;20;5.110;42;160;105;52;111
R1;223;1229;BEVSKO-MOST ČEZ SAVO;0;1220;127;O;;TRBOVLJE 2;7.900;29;7.207;60;226;148;74;156
R1;224;1230;HRASTNIK-MOST ČEZ SAVO;0;1500;127;P;;;5.900;22;5.382;45;169;111;55;116
R1;225;1140;MENGEŠ-DUPLICA;0;3805;259;O;;DUPLICA;11.700;74;10.666;234;313;185;136;92
R1;225;1359;DUPLICA-KAMNIK;0;3735;382;P;;;12.000;20;11.092;105;371;225;133;54
R1;225;1424;KAMNIK-MEKINJE;0;700;382;P;;;7.000;12;6.470;61;217;131;78;31
R1;225;1083;KAMNIK-STAHOVICA;0;4270;231;O;;STRANJE;5.500;66;4.892;47;161;103;145;86
R1;225;1084;STAHOVICA-ČRNIVEC;0;10615;233;O;;ČRNA;2.300;27;2.054;35;60;76;34;14
R1;225;1085;ČRNIVEC-GORNJI GRAD;0;12200;237;O;QLD3;GORNJI GRAD;1.814;60;1.614;0;58;44;19;19
R1;225;1085;GORNJI GRAD-RADMIRJE;12200;17850;234;O;;RADMIRJE 2;2.424;35;2.225;33;40;69;15;7
R1;225;1248;RADMIRJE-MOZIRJE;0;8731;232;O;;RADMIRJE 1;3.787;53;3.457;37;40;123;52;25
R1;225;1248;MOZIRJE;8731;11331;139;O;;MOZIRJE;5.000;17;4.525;46;146;134;59;73
R1;225;1247;MOZIRJE-SOTESKA;0;2455;138;P;;;3.900;26;3.345;26;179;153;76;95
R1;225;1246;SOTESKA-LETUŠ;0;3340;138;P;;;3.500;23;3.004;23;160;137;68;85
R1;225;1246;LETUŠ-ŠENTRUPERT;3340;12200;138;O;QLD6;LETUŠ;5.667;38;4.860;39;260;222;110;138
R1;226;1254;M.P.HOLMEC-POLJANA;0;3930;662;O;QLD3;M.P. HOLMEC;1.827;8;1.757;2;21;11;2;26
R1;226;1255;POLJANA-RAVNE;0;7965;432;O;;POLJANA 2;8.000;43;7.513;90;127;119;40;68
R1;226;1256;RAVNE-DRAVOGRAD;0;7080;160;O;QLD6;RAVNE;6.935;20;6.034;96;320;219;102;144
R1;227;1264;RAVNE-KOTLJE;0;3600;319;O;QLD3;BRDINJE;5.722;42;5.514;0;60;91;15;0
R1;227;1423;KOTLJE-SLOVENJ GRADEC;0;11154;322;O;;KOTLJE;4.625;23;4.274;17;219;61;28;3
R1;228;1291;BORL-ZAVRČ;8500;13900;340;O;QLD3;M.P. ZAVRČ;1.855;1;1.611;22;59;35;17;110
R1;228;1291;SPUHLJA-BORL;0;8500;341;O;;SPUHLJA;7.800;8;7.096;86;207;115;77;211
R1;229;1417;PTUJ-ROGOZNICA;0;2080;120;P;;;11.500;31;10.253;60;570;373;115;98
R1;229;1286;ROGOZNICA-SENARSKA;0;17020;338;O;;GRADIŠČE 1;2.000;26;1.721;20;91;66;26;50
R1;229;1287;SENARSKA-LENART;0;4100;442;O;;GRADIŠČE 3;3.100;8;2.766;32;130;76;39;49
R1;230;1164;RADENCI;0;400;352;P;;;3.500;40;3.073;48;136;108;43;52
R1;230;1308;RADENCI-KRIŽEVCI;0;12420;352;O;;RADENCI;3.000;34;2.633;42;117;92;37;45
R1;230;1415;KRIŽEVCI;0;700;353;P;;;5.400;22;4.623;45;203;206;124;177
R1;230;1309;KRIŽEVCI-LJUTOMER;0;7300;353;O;QLD6;NORŠINCI;6.312;26;5.406;52;237;240;144;207
R1;230;1310;LJUTOMER-PAVLOVCI;0;13910;354;O;QLD6;IVANJKOVCI;3.158;12;2.549;26;191;116;82;182
R1;230;1311;PAVLOVCI-ORMOŽ;0;1860;354;P;;;4.600;17;3.713;38;278;169;120;265
R1;230;1312;ORMOŽ;0;1500;354;P;;;6.000;23;4.845;49;361;220;156;346
R1;230;0251;ORMOŽ-M.P.ORMOŽ;0;760;156;O;QLD3;M.P. ORMOŽ;998;0;992;0;3;3;0;0
R1;231;1325;GIBINA-RAZKRIŽJE;0;2930;431;O;SBH;M.P. GIBINA;567;0;540;6;19;2;0;0
R1;231;1323;RAZKRIŽJE-STROČJA VAS;0;3830;360;P;;;1.300;16;1.156;9;51;44;6;18
R1;231;1327;STROČJA VAS-LJUTOMER;0;2500;431;P;;;2.000;0;1.902;23;67;6;2;0
R1;232;1314;HODOŠ-PETROVCI;0;10458;430;O;SBH;M.P. HODOŠ;360;0;330;24;3;3;0;0
R1;232;1315;PETROVCI-MAČKOVCI;0;6500;137;P;;;3.000;7;2.419;25;116;206;140;87
R1;232;1315;MAČKOVCI-MARTJANCI;6500;17720;137;O;QLD6;VANEČA;3.691;8;2.976;30;143;254;172;108
R1;232;1316;MARTJANCI-M.SOBOTA;0;2350;137;P;;;9.700;21;7.821;79;376;667;452;284
R1;232;1470;MURSKA SOBOTA;0;1000;137;P;;;12.500;27;10.080;102;484;860;582;365
R2;401;1020;ŽAGA-UČJA;0;7340;551;O;;M.P. UČJA;200;0;200;0;0;0;0;0
R2;402;1426;SOLKAN-GONJAČE;0;10630;219;O;;SABOTIN;3.350;51;3.096;29;99;55;18;2
R2;402;1465;GONJAČE-DOBROVO;0;4655;550;P;;;3.500;14;3.219;22;132;66;13;34
R2;402;1045;DOBROVO-NEBLO;0;2700;550;P;;;2.000;8;1.840;12;75;38;7;20
R2;402;1045;NEBLO-M.P. NEBLO;2700;4820;550;O;SBH;M.P. NEBLO;1.520;6;1.398;9;57;29;6;15
R2;403;1071;BAČA-KNEŽA;0;6000;108;O;SBH;BAČA;1.168;13;1.046;21;28;36;21;3
R2;403;1072;KNEŽA-PODBRDO;0;15950;108;P;;;800;9;717;14;19;25;14;2
R2;403;1073;PODBRDO-PETROVO BRDO;0;4400;108;P;;;120;1;108;2;3;4;2;0
R2;403;1074;PETROVO BRDO-PODROŠT;0;8100;108;P;;;100;1;90;2;2;3;2;0
R2;403;1075;PODROŠT-ZALI LOG;0;5000;618;P;;;600;2;563;5;12;11;4;3
R2;403;1075;ZALI LOG-ČEŠNJICA;5000;10000;618;P;;;930;4;872;8;18;17;7;4
R2;403;1076;ČEŠNJICA-ŠKOFJA LOKA;0;15700;618;O;QLD3;BUKOVICA;4.431;17;4.161;36;86;79;33;19
R2;404;1379;PODGRAD-IL.BISTRICA;0;11000;397;O;;ZAREČJE;3.330;12;3.054;22;84;44;13;101
R2;404;1380;IL.BISTRICA-PIVKA;0;16942;398;O;;ZAGORJE;3.403;65;3.086;33;155;44;10;10
R2;405;1018;MATAVUN-VREME;0;7600;207;O;;VREME;1.600;9;1.407;8;57;40;63;16
R2;405;1018;VREME-RIBNICA;7600;17338;210;O;SBH;GORNJE VREME;1.380;6;1.211;12;55;33;10;53
R2;406;1407;DEKANI-ANKARAN;0;6000;403;O;;ANKARAN;10.000;32;9.487;53;304;105;15;4
R2;406;1407;ANKARAN-M.P.LAZARET;6000;8800;650;O;QLD3;M.P. LAZARET;1.617;0;1.617;0;0;0;0;0
R2;407;1144;GORENJA VAS-LJUBLJANICA;0;14180;263;O;;TODRAŽ;1.000;1;946;18;7;6;22;0
R2;407;1145;LJUBLJANICA-HORJUL;0;6800;264;P;;;300;1;275;2;13;6;2;1
R2;407;1145;HORJUL-VRHNIKA;6800;15110;264;O;;LIGOJNA;1.500;8;1.373;12;63;32;9;3
R2;408;1374;LOGATEC-ŽIRI;0;21460;393;O;SBH;PETKOVEC;1.380;4;1.239;28;39;40;20;10
R2;408;1375;ŽIRI-TREBIJA;0;7350;394;O;;TREBIJA 3;2.600;41;2.281;48;123;38;43;26
R2;409;0358;LJ(VIČ)-AC BREZOVICA;0;2741;165;O;;GORJANC;15.000;94;13.723;339;590;193;41;20
R2;409;0300;AC BREZOVICA-BREZOVICA;0;1400;611;P;;;22.000;138;20.127;498;866;282;60;29
R2;409;0300;BREZOVICA-VRHNIKA;1400;13275;611;O;QLD3;DRENOV GRIČ;12.076;54;11.033;128;385;250;65;161
R2;409;0301;VRHNIKA-LOGATEC;0;9525;153;O;;VRHNIKA;5.400;23;4.609;157;293;203;20;95
R2;409;0302;LOGATEC;0;900;153;P;;;7.200;30;6.147;210;390;270;26;127
R2;409;0303;KALCE-PLANINA;0;8470;74;P;;;2.200;26;1.895;30;99;86;16;48
R2;409;0304;PLANINA-RAVBARKOMANDA;0;7230;612;O;SBH;RAVBARKOMANDA;2.769;0;2.491;10;108;98;32;30
R2;409;0305;RAVBARKOMANDA-PO(R913);0;3000;612;P;;;5.500;0;4.944;20;216;196;64;60
R2;409;0305;PO(R913)-POSTOJNA;3000;4360;612;P;;;11.500;0;10.341;41;450;409;134;125
R2;409;0306;POSTOJNA-RAZDRTO;0;10980;76;O;;HRUŠEVJE;4.200;29;3.562;80;195;166;99;69
R2;409;0307;RAZDRTO-SENOŽEČE;0;6530;22;O;;SENOŽEČE;2.000;38;1.664;41;67;65;76;49
R2;409;0308;SENOŽEČE-DIVAČA;0;8140;77;O;;GABRČE;1.300;27;1.047;35;56;55;52;28
R2;409;0309;DIVAČA-MATAVUN;0;1940;77;P;;;2.500;50;2.015;67;107;105;101;55
R2;409;0310;MATAVUN-KOZINA;0;6600;78;O;;KAČIČE;5.164;52;4.282;53;228;170;166;213
R2;410;1133;BISTRICA-TRŽIČ;0;320;258;P;;;6.000;30;5.615;59;209;65;19;3
R2;410;1134;TRŽIČ-GOLNIK;0;6500;258;P;;;2.000;10;1.871;20;70;22;6;1
R2;410;1134;GOLNIK-KOKRICA;6500;13671;258;O;;TENETIŠE;4.924;25;4.608;49;171;54;15;2
R2;410;1135;KOKRICA-KRANJ;0;2234;258;P;;;7.800;39;7.300;77;271;85;24;4
R2;411;1471;KRANJ Z - POLICA;0;733;718;P;;;12.000;69;10.432;232;506;515;108;138
R2;411;1428;POLICA-NAKLO(MARINŠEK);0;1900;51;O;;NAKLO - MARINŠEK;13.000;27;11.127;253;573;730;190;100
R2;411;1428;NAKLO(MARINŠEK)-PODTABOR;1900;7160;708;O;;PODBREZJE;3.209;16;2.771;38;140;99;92;53
R2;411;1429;GOBOVCE-ČRNIVEC;0;6330;707;O;;LJUBNO;1.510;26;1.378;31;53;15;6;1
R2;412;1454;POLICA-KR(KIDRIČEVA);0;2035;718;O;;KR - ZLATO POLJE;21.000;120;18.258;405;885;901;188;243
R2;412;0359;KRANJ(KIDRIČEVA - ISKRA);0;1500;717;O;;KR - SEJEM;16.000;56;14.345;157;627;510;119;186
R2;412;0210;KR(ISKRA)-LABORE;0;1450;716;O;;KR - LABORE;22.000;128;19.884;571;615;574;98;130
R2;413;4704;MEDVODE-ZBILJE;0;1215;228;P;;;4.000;49;3.547;36;213;97;23;35
R2;413;1079;ZBILJE-VODICE;0;7300;228;O;;VODICE 1;4.500;55;3.991;41;239;109;25;40
R2;413;1080;VODICE-MOSTE;0;4350;229;O;;VODICE 2;5.300;12;4.730;12;328;131;42;45
R2;413;1081;MOSTE-DUPLICA;0;4120;230;O;;KRIŽ;7.300;83;6.661;37;301;172;30;16
R2;414;1349;KAMNIK-LOČICA;0;28520;376;O;QLD6;LAZE V TUHINJU;5.214;18;4.559;30;345;162;58;42
R2;415;1216;ŽELODNIK-DRTIJA;0;11080;304;O;;ŽELODNIK 1;5.000;30;4.601;44;163;100;28;34
R2;415;1217;DRTIJA-IZLAKE;0;15290;305;O;SBH;VIDRGA;1.566;12;1.402;19;43;63;9;18
R2;416;1346;LITIJA-ŠMARTNO;0;2670;375;P;;;3.500;40;3.173;30;152;69;3;33
R2;416;1165;ŠMARTNO PRI LITIJI;0;260;437;P;;;5.500;32;5.006;58;205;193;6;0
R2;416;1347;ŠMARTNO-RADOHOVA VAS;0;14630;375;O;;ČRNI POTOK;1.000;11;908;8;43;20;1;9
R2;416;1425;GRM;0;750;375;P;;;1.000;11;908;8;43;20;1;9
R2;416;1348;GRM-BIČ;0;2490;375;P;;;500;6;454;4;22;10;0;4
R2;417;1190;ŠMAR.P.L.-M.KOSTREVICA;0;1500;284;O;;ŠMARTNO;2.100;4;2.032;4;24;34;2;0
R2;417;1190;M. KOSTREVICA-VEL. REKA;1500;8700;284;P;;;1.700;3;1.645;3;19;28;2;0
R2;417;1187;VEL.REKA-MORAVČE;0;6400;282;O;;ČATEŽ;600;3;567;0;10;12;8;0
R2;417;4326;MORAVČE-TIHABOJ-MIRNA;0;12108;282;P;;;400;2;378;0;7;8;5;0
R2;418;1199;MOKRONOG-ZBURE;0;10475;291;P;;;1.000;6;821;21;59;26;32;35
R2;418;1200;ZBURE-ŠKOCJAN;0;3940;291;O;;ŠKOCJAN 1;1.000;6;821;21;59;26;32;35
R2;418;1201;ŠKOCJAN-DOBRUŠKA VAS;0;2975;293;P;;;1.500;6;1.402;9;39;25;15;4
R2;419;1203;SOTESKA-NOVO MESTO;0;14600;294;O;QLD6;POTOK;6.124;20;5.566;44;186;220;32;56
R2;419;1204;NOVO MESTO-ŠENTJERNEJ;0;15755;295;O;;RATEŽ;4.500;6;4.042;65;177;132;65;13
R2;419;1205;ŠENTJERNEJ-KRIŽAJ;0;11325;296;O;;KRIŽAJ 1;2.500;33;2.224;47;126;59;10;1
R2;419;1206;KRIŽAJ-ČATEŽ OB SAVI;0;13000;297;O;;KRŠKA VAS;2.604;46;2.272;25;187;57;9;8
R2;420;1335;BREŽICE-DOBOVA;0;4500;368;O;;MOSTEC;2.763;15;2.300;16;222;98;43;69
R2;420;1335;DOBOVA-M.P. RIGONCE;4500;6780;676;O;SBH;M.P. RIGONCE;1.688;3;1.549;12;60;35;17;12
R2;421;2506;RUČETNA VAS-ŠTREKLJEVEC;0;7135;280;P;;;1.500;9;1.332;13;60;50;11;25
R2;421;2507;ŠTREKLJEVEC-JUGORJE;0;5890;469;O;;JUGORJE;250;5;207;1;12;14;11;0
R2;422;1333;PODSREDA-BRESTANICA;0;16250;365;O;;PODSREDA 3;1.120;4;938;29;90;30;12;17
R2;423;1226;ČRNOLICA-ŠENTJUR;0;2330;313;P;;;3.300;22;2.929;52;147;98;27;25
R2;423;1281;ČRNOLICA-LESIČNO;0;18370;271;O;;ŽEGAR;800;8;699;20;42;28;2;1
R2;423;1282;PILŠTAJN-PODSREDA;0;10020;333;O;SBH;KOZJE;1.262;5;1.124;31;62;29;11;0
R2;423;1283;PODSREDA-BISTRICA;0;6720;335;O;;PODSREDA 2;849;5;706;31;41;30;16;20
R2;423;1243;BISTRICA OB SOTLI-M.P.BISTRICA;0;1050;411;O;;BISTRICA 1;1.000;6;893;12;43;31;0;15
R2;424;1166;SEVNICA-PODGORJE;0;9000;272;O;;ŠMARJE (SEVNICA);1.400;0;1.271;9;54;49;7;10
R2;424;1166;PODGORJE-PLANINA;9000;21160;272;P;;;350;0;319;2;13;12;2;2
R2;424;1170;PLANINA-DEŽNO;0;1115;313;P;;;350;2;310;6;16;10;3;3
R2;424;1225;DEŽNO-ČRNOLICA;0;11960;313;O;;DOBJE;1.300;9;1.153;20;58;39;11;10
R2;425;1265;POLJANA-ČRNA;0;12500;323;O;;POLJANA 1;4.853;11;4.353;71;215;111;50;42
R2;425;1265;ČRNA-ŠENTVID;12500;23950;324;P;;;260;0;241;3;9;6;1;0
R2;425;1266;ŠENTVID-ŠOŠTANJ;0;16835;324;O;;ŠENTVID;820;1;760;10;28;18;2;1
R2;425;1267;ŠOŠTANJ-PESJE;0;1835;167;O;;PESJE 2;12.000;14;10.770;292;450;344;56;74
R2;425;1419;PESJE-VELENJE;0;3790;166;O;;PESJE 1;16.400;34;14.943;299;579;397;55;93
R2;426;1269;PESJE-GORENJE;0;6100;168;O;;PESJE 3;6.300;13;5.741;45;217;196;26;62
R2;426;7949;GORENJE - REČICA - LETUŠ;0;5795;176;O;;REČICA;2.600;10;2.248;28;124;121;32;37
R2;427;1351;LATKOVA VAS-PREBOLD;0;3000;326;P;;;3.000;12;2.661;17;125;113;48;24
R2;427;1351;PREBOLD-TRBOVLJE;3000;19830;439;O;;TRBOVLJE 3;1.900;8;1.796;24;35;15;15;7
R2;428;1249;RADMIRJE-LJUBNO;0;2500;238;O;;RADMIRJE 3;2.754;53;2.502;29;33;79;42;16
R2;428;1249;LJUBNO-LUČE;2500;12165;202;O;SBH;LJUBNO;1.939;24;1.730;37;39;31;62;16
R2;428;1250;LUČE-SESTRE LOGAR;0;13895;211;P;;;500;27;458;5;3;5;2;0
R2;428;1252;S.LOGAR-PAVLIČEVO SEDLO;0;7550;211;P;;;100;5;92;1;1;1;0;0
R2;429;1245;VIŠNJA VAS-DOBRNA;0;7520;321;O;;STRMEC;3.400;115;3.009;57;119;69;21;10
R2;429;1154;ODCEP V DOBRNO;0;1695;320;P;;;2.500;12;2.228;15;115;98;16;16
R2;429;1422;DOBRNA-ČRNOVA;0;3400;320;O;;ČRNOVA 2;3.400;16;3.031;20;156;133;22;22
R2;430;0274;SLIVNICA-SL.BISTRICA;0;13060;38;O;;ZG. POLSKAVA;6.106;31;5.472;103;281;159;34;26
R2;430;1452;SL.BISTRICA-DEVINA;0;1430;642;P;;;3.600;13;3.064;18;189;178;62;76
R2;430;0275;SL.BISTRICA;0;2500;38;P;;;9.000;46;8.067;152;413;234;49;39
R2;430;0276; SL.BISTRICA-LOŽNICA;0;1690;608;P;;;2.500;9;2.097;36;201;134;7;16
R2;430;0277;LOŽNICA-TEPANJE;0;7820;608;O;;VRHOLE;4.700;17;3.946;68;378;250;12;29
R2;430;0278;TEPANJE-SL.KONJICE;0;3100;608;P;;;3.000;11;2.517;44;241;160;8;19
R2;430;0279;SL.KONJICE;0;815;67;P;;;9.000;58;7.647;161;530;447;63;94
R2;430;0280;SL.KONJICE-STRANICE;0;5160;67;P;;;6.000;39;5.098;107;354;298;42;62
R2;430;0281;STRANICE-VIŠNJA VAS;0;10200;67;O;;FRANKOLOVO;7.800;50;6.629;139;460;387;54;81
R2;430;0282;VIŠNJA VAS-CELJE(AC);0;6100;68;O;;ŠKOFJA VAS;11.000;33;9.944;199;478;251;32;63
R2;430;0282;CELJE(AC)-CELJE;6100;8165;68;P;;;30.000;89;27.122;542;1.304;685;86;172
R2;431;1350;ZG.DOLIČ-STRANICE;0;19135;377;O;;STRANICE;2.000;1;1.800;22;93;49;14;21
R2;432;1440;MEJA HRVAŠKA-ROGATEC;0;180;414;O;;M.P. ROGATEC;2.852;6;2.553;18;93;69;29;84
R2;432;1284;ROGATEC-MAJŠPERK;0;15845;336;O;;ROGATEC;882;2;783;21;44;25;5;2
R2;432;1411;MAJŠPERK;0;480;318;P;;;3.000;16;2.586;64;105;156;64;9
R2;432;1285;MAJŠPERK-HAJDINA;0;11760;441;O;;KIDRIČEVO;4.500;18;4.196;33;119;66;43;25
R2;433;1288;LENART-TRATE;0;15950;339;O;;LENART;3.000;8;2.785;24;85;50;31;17
R2;433;1289;TRATE-MOST ČEZ MURO;0;2120;144;O;SBH;M.P. TRATE;1.794;17;1.748;0;26;3;0;0
R2;434;1352;RADLJE-M.P.RADLJE;0;5860;668;O;SBH;M.P. RADELJ;683;18;662;0;0;2;0;1
R2;435;1431;MARIBOR-RUŠE;0;9163;706;O;;RUŠE;9.100;20;8.326;72;301;188;95;98
R2;435;1439;RUŠE-SELNICA;0;3297;710;O;;SELNICA;6.500;29;5.864;36;249;137;111;74
R2;436;1328;POČEHOVA-ZG.KUNGOTA;0;6870;429;O;;KUNGOTA;5.000;26;4.628;34;167;69;55;21
R2;436;1329;ZG.KUNGOTA-JURIJ;0;5565;553;O;SBH;M.P. JURIJ;602;7;580;5;9;1;0;0
R2;437;0267;M.P.ŠENTILJ-ŠENTILJ;0;1620;664;O;QLD3;M.P. ŠENTILJ - S.C.;5.691;14;4.529;11;229;228;69;611
R2;437;0268;ŠENTILJ-PESNICA;0;10620;628;O;;PESNICA;6.300;40;5.573;55;256;192;39;145
R2;438;1306;ŠENTILJ-TRATE;0;13520;350;O;;CERŠAK;1.200;6;1.017;31;41;65;8;32
R2;438;1307;TRATE-GORNJA RADGONA;0;15745;351;O;;LUTVERCI;3.000;12;2.757;29;107;61;21;13
R2;439;1299;KOBILJE-DOBROVNIK;0;7730;493;O;;KOBILJE;600;0;569;13;8;5;1;4
R2;439;1300;DOBROVNIK-RENKOVCI;0;4230;346;P;;;1.500;0;1.376;19;56;39;9;1
R2;439;1301;RENKOVCI-BELTINCI;0;6521;346;O;;RENKOVCI;1.300;0;1.192;16;49;34;8;1
R2;439;1302;BRATONCI-KRIŽEVCI;0;9600;347;O;;VERŽEJ;2.700;5;2.411;10;113;52;98;11
R2;439;1303;KRIŽEVCI-ŽIHLAVA;0;11630;347;P;;;400;1;356;2;17;7;15;2
R2;439;1304;ŽIHLAVA-VIDEM;0;2950;347;P;;;500;1;447;2;21;9;18;2
R2;439;1305;VIDEM-SENARSKA;0;13940;349;O;;GRADIŠČE 2;1.400;3;1.282;20;52;21;18;4
R2;440;1294;PETANJCI-GEDEROVCI;0;3218;443;O;;GEDEROVCI 3;1.200;4;1.069;8;76;26;12;5
R2;440;1295;GEREDOVCI-CANKOVA;0;6080;444;O;;GEDEROVCI 4;2.300;12;2.042;46;113;35;31;21
R2;440;1296;CANKOVA-ROGAŠOVCI;0;10500;344;O;;CANKOVA;2.570;8;2.396;43;82;27;8;6
R2;440;1296;ROGAŠOVCI-M.P.KUZMA;10500;15940;666;O;SBH;M.P. KUZMA;1.408;9;1.377;1;17;4;0;0
R2;441;1298;MURSKA SOBOTA;0;1000;345;P;;;6.170;17;5.886;80;133;40;4;10
R2;441;1298;MURSKA SOBOTA-GEDEROVCI;1000;10200;345;O;;GEDEROVCI 2;3.500;10;3.339;46;75;23;2;5
R2;441;1298;GEDEROVCI-M.P. GEDEROVCI;10200;10931;142;O;QLD3;M.P. GEDEROVCI;2.459;6;2.453;0;0;0;0;0
R2;442;1318;MARTJANCI-DOBROVNIK;0;13831;494;O;;BOGOJINA;2.260;21;2.075;26;58;53;22;5
R2;442;1319;DOBROVNIK-DOLGA VAS;0;11529;358;O;;GENTEROVCI;2.500;10;2.338;34;49;35;26;8
R2;443;0323;LENDAVA;0;1700;89;P;;;8.000;25;6.877;58;272;159;175;434
R2;443;1320;LENDAVA-PINCE;0;7650;675;O;SBH;M.P. PINCE;505;3;495;0;6;1;0;0
R2;444;1451;RAZDRTO;0;1580;22;P;;;500;10;415;11;17;16;19;12
R2;444;1473;LOG-AJDOVŠČINA;0;2250;427;P;;;2.600;16;2.399;0;72;60;16;37
R2;444;0387;AJDOVŠČINA (OBVOZNICA);0;1960;635;P;;;6.000;16;4.406;16;404;440;122;596
R2;444;0346;AJDOVŠČINA-SELO;0;8300;427;P;;;3.000;18;2.770;0;83;69;18;42
R2;444;0347;SELO-TRI HIŠE;0;8600;81;O;;ŠEMPAS;5.000;25;4.680;52;144;74;12;13
R2;444;0347;TRI HIŠE-AJŠEVICA;8600;10600;209;P;;;9.000;40;7.905;80;374;266;103;232
R2;444;0347;AJŠEVICA - NOVA GORICA;10600;15480;81;P;;;1.500;8;1.406;15;43;22;3;3
R2;444;0365;NOVA GORICA;0;690;81;P;;;15.000;76;14.044;154;432;221;35;38
R2;444;0348;N.GORICA-M.P.ROŽNA DOLINA;0;130;654;O;QLD3;M.P. ROŽNA DOLINA;6.217;45;6.172;0;0;0;0;0
R2;445;0349;SENOŽEČE-SEŽANA;0;14310;613;O;SBH;ŠTORJE;3.219;14;2.908;29;124;72;38;34
R2;445;0350;SEŽANA-FERNETIČI;0;2500;613;P;;;6.000;26;5.420;54;231;134;71;64
R2;445;0350;FERNETIČI-M.P.FERNETIČI;2500;2825;613;P;;;2.000;8;1.806;18;77;45;24;22
R2;446;1016;SEŽANA-DIVAČA;0;9770;206;O;;MERČE;4.000;17;3.630;25;149;112;28;39
R2;447;0287;ARJA VAS-ŽALEC;0;1550;69;P;;;9.000;33;8.063;128;394;258;50;74
R2;447;0367;ŽALEC-ŠEMPETER;0;5790;609;O;QLD3;ŠEMPETER;13.493;78;12.803;88;272;180;33;39
R2;447;0288;ŠEMPETER-LATKOVA VAS;0;591;609;P;;;7.200;41;6.832;47;145;96;18;21
R2;447;0289;LATKOVA VAS-ŠENTRUPERT;0;1420;609;P;;;6.180;36;5.865;40;124;82;15;18
R2;447;0290;ŠENTRUPERT-LOČICA;0;10865;64;O;;PREKOPA;5.700;27;4.363;98;389;481;102;240
R3;601;7507;BORJANA-ROBIDIŠČE;0;9832;93;P;;;100;0;92;1;3;2;2;0
R3;602;1032;STARO SELO-BREGINJ;0;16550;93;O;;ST. SELO - BREGINJ;804;5;738;5;23;15;18;0
R3;603;1041;MOST NA SOČI-UŠNIK;0;4150;616;P;;;1.000;11;822;7;58;52;30;20
R3;604;5701;ROČINJ-LIG;0;9995;455;P;;;1.000;5;939;14;23;19;0;0
R3;605;5702;KAMBREŠKO-KUŠČAR-LIVEK;0;19678;455;P;;;100;0;95;1;2;2;0;0
R3;606;5703;KANAL-LIG-MIŠČEK-NEBLO;0;35533;455;O;;KANAL;220;1;207;3;5;4;0;0
R3;607;5723;PREVALA-GRGAR-ČEPOVAN;0;14309;98;O;;GRGAR;450;4;417;4;21;2;1;1
R3;608;1067;SOLKAN-LOKVE;0;19400;225;O;;SOLKAN - LOKVE;1.500;32;1.400;7;16;22;12;11
R3;608;1065;LOKVE-ČEPOVAN;0;5530;224;O;;LOKVE;100;28;61;0;3;8;0;0
R3;608;1068;ČEPOVAN-DOL.TREBUŠA;0;11040;449;O;;DOL. TREBUŠA 2;50;13;36;0;0;1;0;0
R3;609;2117;AJDOVŠČINA-LOKAV.-PREDMEJA;0;11750;456;O;;LOKAVEC;800;13;747;2;26;10;1;1
R3;609;1064;PREDMEJA-LOKVE;0;11520;224;P;;;300;85;182;0;9;24;0;0
R3;609;1066;ČEPOVAN-MOST NA SOČI;0;13220;224;P;;;100;28;61;0;3;8;0;0
R3;610;1370;D.TREBUŠA-SP.IDRIJA;0;22720;390;O;;DOL. TREBUŠA;220;1;217;0;2;0;0;0
R3;610;1371;PEČNIK-ŽIRI;0;10546;390;P;;;500;2;493;0;5;0;0;0
R3;611;1024;DORNBERK-SELO;0;5150;208;O;;SELO;1.300;5;1.123;19;90;37;13;13
R3;612;1042;PLAVE-GONJAČE;0;6190;213;O;;PLAVE;460;2;427;0;31;0;0;0
R3;613;1437;AJŠEVICA-KROMBERK;0;2200;209;O;;KROMBERK;9.438;42;8.290;84;392;279;108;243
R3;613;1437;KROMBERK-NOVA GORICA;2200;4200;209;P;;;20.000;89;17.568;178;830;591;229;515
R3;614;1046;ŠEMPETER-MIREN;0;5536;214;O;;MIREN;5.513;34;5.101;26;184;108;30;30
R3;614;1047;MIREN-OPATJE SELO;0;7925;214;P;;;700;5;647;3;23;14;4;4
R3;614;1048;OPATJE SELO-KOMEN;0;14885;215;O;;KOSTANJEVICA;461;12;388;9;29;16;5;2
R3;614;1049;KOMEN-ŠTANJEL;0;8815;216;O;;ŠTANJEL;800;17;677;20;46;22;8;10
R3;614;1050;ŠTANJEL-MANČE;0;11750;217;O;;MANČE;900;16;834;2;29;11;4;4
R3;615;5736;TRI HIŠE-PRIKLJUČEK VOGRSKO;0;2850;816;P;;;9.000;22;7.166;26;356;310;150;970
R3;615;5736;PRIKL.  VOGRSKO-VOLČJA DRAGA;2850;6257;208;P;;;1.700;7;1.469;25;117;48;17;17
R3;615;5740;VOLČJA DRAGA-KRIŽ. CIJAN;0;4975;208;P;;;1.000;4;864;15;69;28;10;10
R3;616;1056;GORJANSKO-KLARIČI;0;10185;422;O;;BRESTOVICA;350;5;313;5;21;6;0;0
R3;617;1054;KOMEN-GORJANSKO;0;3170;218;O;;KOMEN;1.206;14;1.102;6;53;21;9;1
R3;617;1055;GORJANSKO-ŽEKENC;0;2990;218;P;;;300;3;276;1;13;5;2;0
R3;618;6807;BRANIK-KOMEN;0;7725;457;O;;TOMAČEVICA;754;11;679;1;36;20;7;0
R3;618;6805;KOMEN -KRAJNA VAS;0;8215;458;O;;GABROVICA;990;10;896;6;46;27;5;0
R3;618;6804;KRAJNA VAS-DUTOVLJE;0;2320;458;P;;;900;9;814;5;42;25;5;0
R3;619;1025;DUTOVLJE-REPENTABOR;0;5365;419;O;;DUTOVLJE - REPENT.;1.700;18;1.590;17;40;18;13;4
R3;620;6831;ŠTORJE-ŠTANJEL;0;11440;458;P;;;300;3;271;2;14;8;2;0
R3;621;1412;KALCE-PODKRAJ;0;15000;497;O;;HRUŠICA;500;2;460;2;11;7;11;7
R3;621;1412;PODKRAJ-COL;15000;20130;497;P;;;500;2;460;2;11;7;11;7
R3;622;6845;DIVAČA-GORIČE;0;3850;59;O;;VREMSKI BRITOF 1;1.596;12;1.335;6;99;92;32;20
R3;622;6848;GORIČE-KOŠANA-KAL;0;16245;80;O;;VREMSKI BRITOF 2;434;0;364;0;40;16;9;5
R3;623;3718;KASTELEC-PODGORJE;0;11198;505;O;;PODGORJE;100;0;96;2;2;0;0;0
R3;624;3721;AVER-PODPEČ-MEJA RH;0;14595;501;O;;RAKITOVEC;80;5;71;2;0;2;0;0
R3;625;1061;BERTOKI-ČEŽARJI;0;4000;221;O;;POBEGI;4.500;24;4.222;22;114;110;6;2
R3;625;1061;ČEŽARJI-GRAČIŠČE;4000;14300;221;P;;;450;2;423;2;11;11;1;0
R3;626;3726;GRAČIŠČE-BREZOVICA;0;8666;732;O;;BREZOVICA;50;2;48;0;0;0;0;0
R3;627;3716;ČRNI KAL - OSP;0;4590;427;P;;;300;2;277;0;8;7;2;4
R3;628;1427;MLINI-SEČOVLJE;0;3050;702;O;;DRAGONJA;2.500;13;2.329;24;72;57;3;2
R3;629;1381;VALETA-PIRAN;0;4090;120;P;;;9.000;24;8.025;47;447;292;89;76
R3;630;1069;PREM-OBROV;0;18696;226;O;;PREM;300;6;277;3;8;6;0;0
R3;630;1070;OBROV-GOLAC;0;8650;505;P;;;120;0;114;3;3;0;0;0
R3;631;3223;STAROD-MEJA RH;0;3005;505;P;;;50;0;48;1;1;0;0;0
R3;632;1378;IL.BISTRICA-ZABIČE;0;9570;396;O;;VRBOVO;2.400;5;2.285;19;56;20;9;6
R3;632;1378;ZABIČE-NOVOKRAČINE;9570;17660;396;P;;;250;1;237;2;6;2;1;1
R3;632;3224;JELŠANE-NOVOKRAČINE;0;3441;505;P;;;350;0;334;8;8;0;0;0
R3;633;1099;BITNJE-JEREKA;0;1934;239;O;;JEREKA;1.800;8;1.666;53;37;28;1;7
R3;633;1098;JEREKA-JEZERO;0;6800;239;P;;;1.800;8;1.666;53;37;28;1;7
R3;634;1104;JAVORNIK-GORJE;0;8060;241;O;;KOČNA;1.600;15;1.512;17;38;17;0;1
R3;634;1094;GORJE-BLED;0;3430;235;O;;BLED - SP. GORJE;6.300;33;5.914;87;151;91;15;9
R3;635;1121;LESCE-K.GORICA-LIPNICA;0;11160;250;O;;KAMNA GORICA 1;1.649;59;1.360;27;48;32;82;41
R3;635;1122;LIPNICA-KROPA;0;2000;251;O;;KAMNA GORICA 2;1.074;9;971;41;36;13;2;2
R3;635;1122;KROPA-RUDNO;2000;15150;253;P;;;200;0;180;0;9;0;0;11
R3;635;1127;RUDNO-ČEŠNJICA;0;2270;236;P;;;250;2;230;4;9;3;1;1
R3;636;1126;PODTABOR-ZVIRČE;9500;11200;254;P;;;500;2;421;7;21;10;27;12
R3;636;1126;LIPNICA-PODTABOR;0;9500;254;O;;KAMNA GORICA 3;1.677;8;1.409;23;70;34;92;41
R3;637;0368;HRUŠICA-JESENICE;0;3000;631;P;;;7.200;45;6.701;153;149;118;17;17
R3;637;0368;JESENICE-JAVORNIK;3000;6370;631;P;;;13.000;120;11.610;335;347;363;60;165
R3;637;0206;JAVORNIK-ŽIROVNICA;0;5050;631;P;;;8.000;50;7.426;177;170;137;20;20
R3;637;1459;ŽIROVNICA-VRBA;0;3580;631;P;;;4.000;25;3.714;88;85;68;10;10
R3;638;1131;ŽIROVNICA-BEGUNJE;0;6290;256;O;;BEGUNJE 1;1.500;8;1.339;43;81;28;0;1
R3;638;1132;BEGUNJE-BISTRICA;0;10420;257;O;;BEGUNJE 2;602;10;559;7;22;2;2;0
R3;639;1141;ŠENTVID-ŠMARTNO;0;3000;260;P;;;11.000;107;10.186;67;318;231;54;37
R3;639;1141;ŠMARTNO-VODICE;3000;10800;260;O;;ŠMARTNO;3.300;32;3.057;20;95;69;16;11
R3;639;1142;VODICE-SP.BRNIK;0;5100;261;O;;VODICE;4.000;63;3.650;16;173;69;9;20
R3;639;1143;SP.BRNIK-CERKLJE;0;4500;496;P;;;3.600;42;3.378;3;36;63;75;3
R3;640;1373;RAKEK-LOGATEC;0;14140;392;O;;LAZE;500;1;427;15;30;21;4;2
R3;641;1369;DOBRAVA-LJ.VIČ;19500;23645;389;P;;;5.000;5;4.516;62;159;156;86;16
R3;641;1369;LJUBLJANICA-POL.GRADEC;0;9100;389;P;;;200;0;182;2;6;6;3;1
R3;641;1369;POL.GRADEC-DOBRAVA;9100;19500;389;O;;DVOR;1.950;2;1.762;24;62;61;33;6
R3;642;1146;VRHNIKA-PODPEČ;0;16795;265;O;;PODPEČ;2.100;7;1.939;22;88;29;11;4
R3;642;1147;PODPEČ-IG;0;8960;266;O;;JEZERO;1.200;19;1.101;7;37;18;7;11
R3;642;1150;IG;0;820;266;P;;;1.500;24;1.375;9;47;23;9;13
R3;642;1360;IG-LJ(PERUZZIJEVA);0;7280;383;O;;BARJE;9.400;23;8.689;55;364;101;126;42
R3;643;1436;PODPEČ-RAKITNA;0;10900;700;O;;KAMNIK;1.000;17;897;22;31;21;9;3
R3;643;1362;RAKITNA-CERKNICA;0;18300;700;P;;;400;7;359;9;12;8;4;1
R3;644;1356;LJ(ŠMARTIN.)-ŠENTJAKOB;0;3810;380;O;;ŠENTJAKOB;14.000;21;12.697;56;605;393;140;88
R3;644;1357;ŠENTJAKOB-DOMŽALE;0;6180;381;O;;DRAGOMELJ;14.000;57;12.671;24;673;410;104;61
R3;644;1358;DOMŽALE-DUPLICA;0;6090;382;O;;HOMEC;9.000;15;8.318;79;279;169;100;40
R3;645;1188;LJ(LITIJSKA)-ZADVOR;0;2672;165;P;;;3.000;19;2.744;68;118;39;8;4
R3;645;1189;ZADVOR-ŠMARTNO P.LITIJI;0;26750;437;O;;BESNICA;900;5;819;9;34;32;1;0
R3;646;1194;ŠKOFLJICA - ŠMARJE-SAP;0;3700;288;O;;ŠMARJE-SAP;2.500;42;2.072;52;201;95;13;25
R3;646;1443;ŠMARJE-SAP - CIKAVA;0;2800;288;P;;;2.500;42;2.072;52;201;95;13;25
R3;646;1444;CIKAVA - GROSUPLJE;0;2000;288;P;;;10.701;186;9.114;132;883;217;58;111
R3;646;1195;GROSUPLJE-IVANČNA GOR.;0;13930;289;P;;;600;4;539;5;29;18;2;3
R3;646;1196;IVANČNA GORICA-GRM;0;6065;289;O;;IVANČNA GORICA 1;3.500;22;3.146;28;171;105;10;18
R3;646;1197;GRM-PLUSKA;0;8440;289;P;;;400;2;360;3;20;12;1;2
R3;647;1172;PEROVO-GROSUPLJE;0;1480;275;P;;;4.000;44;3.668;53;140;78;6;11
R3;647;1151;GROSUPLJE;0;250;275;P;;;6.000;66;5.501;80;210;117;9;17
R3;647;1173;GROSUPLJE-MLAČEVO;0;2350;275;O;;VELIKO MLAČEVO 1;3.900;43;3.576;52;136;76;6;11
R3;647;1174;MLAČEVO-PLEŠIVICA;0;3230;276;O;;VELIKO  MLAČEVO 2;1.100;12;1.021;9;37;15;2;4
R3;647;1174;PLEŠIVICA-KRKA;3230;15230;276;P;;;400;4;372;3;14;5;1;1
R3;647;1368;MLAČEVO-RAŠICA;0;19115;388;O;;VELIKO MLAČEVO 3;2.700;54;2.490;21;75;46;8;6
R3;648;2912;VIDEM-PRI CERKVI STRUGE;0;10392;461;P;;;300;0;275;3;13;9;0;0
R3;648;3601;PRI CERKVI-STRUGE-ZVIRČE;0;4800;461;O;;ZVIRČE 1;201;0;184;2;9;6;0;0
R3;648;3601;ZVIRČE-SMUKA;4800;14695;463;O;;ZVIRČE 3;137;0;122;2;8;5;0;0
R3;649;2915;ZAGRADEC-AMBRUS-ŽVIRČE;0;11150;462;O;;ZVIRČE 2;108;0;102;0;5;1;0;0
R3;650;1159;ŽUŽEMBERK-PLUSKA;0;13840;269;O;;ŽUŽEMBERK 1;1.048;12;878;77;47;20;4;10
R3;650;1160;PLUSKA-TREBNJE;0;2000;269;P;;;1.500;17;1.257;110;67;29;6;14
R3;650;1161;TREBNJE;0;1800;270;P;;;3.500;7;3.097;19;179;109;48;41
R3;651;1198;TREBNJE-NM(BRŠLJIN-OBVOZNICA);0;16090;290;O;;JABLAN;2.447;13;2.230;9;129;49;12;5
R3;651;1442;NOVO M.(KANDIJA-OBČINA);0;310;120;P;;;15.000;40;13.374;78;744;487;150;127
R3;652;1457;MORAVČE-ČATEŽ;0;6200;282;P;;;500;3;471;0;9;10;7;0
R3;652;1457;ČATEŽ-TREBNJE;6200;15470;282;P;;;1.700;9;1.604;0;29;35;23;0
R3;653;1363;SODRAŽICA-HRIB;0;11150;385;O;;TRAVNA GORA;700;6;623;6;33;29;2;1
R3;653;1364;HRIB-PODPLANINA;0;18860;506;O;;M.P. PODPLANINA;60;0;60;0;0;0;0;0
R3;654;3611;ŠTALCERJI-KOČ. REKA;0;5835;465;O;;KOČEVSKA REKA;815;0;732;12;35;10;11;15
R3;655;6643;DOL. VAS - GOTEN. - KOČ. REKA;0;16525;162;O;;GRČARICE;538;0;466;8;33;9;11;11
R3;656;3651;KOČEVSKA REKA-BOROVEC;0;5965;468;P;;;200;5;174;4;17;0;0;0
R3;656;3619;BOROVEC - DRAGARJI;0;4000;468;P;;;200;5;174;4;17;0;0;0
R3;656;3650;DRAGARJI-OSILNICA;0;10310;468;P;;;0;0;0;0;0;0;0;0
R3;657;3610;PETRINA-GRIVAC-MIRTOVIČI;0;11325;468;P;;;350;10;301;6;31;1;1;0
R3;657;1345;BOSLJIVA LOKA-OSILNICA;0;9520;445;O;;OSILNICA;350;6;289;7;23;6;19;0
R3;658;2517;DOBLIČE-SV.ANA-STARI TRG;0;9865;468;O;;STARI TRG;550;15;475;10;48;1;1;0
R3;658;1450;STARI TRG;0;1130;452;P;;;550;2;475;17;37;12;1;6
R3;658;1433;STARI TRG-BREZOVICA;0;8464;452;O;;STARI TRG;447;2;385;14;30;10;1;5
R3;659;3616;STARI TRG-KOT;0;3710;452;P;;;60;0;52;2;4;1;0;1
R3;659;2515;KOT-SODEVCI;0;780;509;O;;M.P. SODEVCI;50;0;48;0;2;0;0;0
R3;660;1179;ČRNOMELJ-ADLEŠIČI;0;9810;281;O;;DOLENJCI 1;937;13;854;22;37;5;5;1
R3;660;1342;ŽUNIČI-M.P. ŽUNIČI;8730;9390;508;O;;M.P. ŽUNIČI;100;0;95;0;5;0;0;0
R3;660;1342;ADLEŠIČI-VRHOVCI;0;3680;451;O;;DOLENJCI 2;1.040;5;986;15;24;6;2;2
R3;660;1342;VRHOVCI-ŽUNIČI;3680;8730;451;P;;;400;2;379;6;9;2;1;1
R3;661;1210;MEJA RH-DRAŠIČI;0;5000;301;O;;DRAŠIČI;1.733;8;1.631;11;52;19;10;2
R3;661;1210;DRAŠIČI-METLIKA;5000;9500;301;P;;;2.500;12;2.354;15;75;27;14;3
R3;662;5407;METLIKA-MP BOŽAKOVO;0;8130;525;O;;M.P. BOŽAKOVO;100;0;92;0;7;1;0;0
R3;663;5401;BUŠINJA VAS-RADOVICA;0;4594;301;P;;;200;1;189;1;6;2;1;0
R3;663;5404;RADOVICA-OSTRIŽ;0;3500;525;P;;;100;0;92;0;7;1;0;0
R3;664;2501;GABER- URŠNA SELA-NOVO MESTO;0;22200;164;O;;BIRČNA VAS;1.556;6;1.470;11;43;17;5;4
R3;665;1191;VEL. REKA-SOPOTA;0;15100;285;P;;;300;1;281;3;10;4;1;0
R3;665;1191;SOPOTA-RADEČE;15100;28050;285;O;;JAGNJENICA;1.200;5;1.127;13;38;15;2;0
R3;666;8115;SOPOTA-PODKUM-ZAGORJE;0;10370;703;O;;ZAGORJE 3;750;1;691;9;18;26;1;4
R3;667;1385;ZBURE-MAČKOVEC;0;13820;402;O;;DRUŽINSKA VAS;3.400;13;3.036;148;127;66;6;4
R3;668;5846;GABRJE-RATEŽ;0;5581;373;P;;;500;9;433;5;36;6;11;0
R3;669;1202;DOBRUŠKA V.-ŠENTJERNEJ;0;6150;293;O;;ŠENTJERNEJ;2.800;11;2.618;16;72;46;29;8
R3;670;1244;BIZELJSKO - OREŠJE;0;5260;435;O;;M.P. BIZELJSKO;621;3;601;2;14;0;1;0
R3;671;2237;KRIŽAJ-PODBOČJE-ŠUTNA;0;3975;191;O;;PODBOČJE;600;4;529;11;10;12;33;1
R3;671;3921;ŠUTNA-PLANINA/PODBOČJU;0;10225;525;P;;;50;0;46;0;3;1;0;0
R3;672;1337;IMPOLJCA-ZAVRATEC;0;4900;369;P;;;450;2;414;12;13;7;2;0
R3;672;1338;ZAVRATEC-SMEDNIK;0;9120;369;O;;RAKA;600;2;552;17;18;9;2;0
R3;672;3927;SMEDNIK-ZAMEŠKO-KOSTANJEVICA;0;9261;183;O;;SMEDNIK;750;2;635;14;36;34;17;12
R3;673;1340;DRNOVO-KRIŽAJ;0;5245;371;O;;KRIŽAJ 2;2.650;10;2.400;23;98;67;32;20
R3;674;1384;ZAVRATEC-ŠKOCJAN;0;10760;401;O;;ŠKOCJAN 2;900;0;812;12;42;17;11;6
R3;675;1207;ČATEŽ OB SAVI-JESENICE;0;9500;184;O;;RIBNICA;1.600;15;1.523;12;46;2;1;1
R3;675;1207;JESENICE-MP SLOVENSKA VAS;9500;10970;677;O;SBH;MP SLOVENSKA VAS;3.521;6;3.229;25;127;73;35;26
R3;676;2204;SP.POHANCA-KAPELE;0;10120;471;O;;ARTIČE;1.972;6;1.819;29;72;27;5;14
R3;676;2212;KAPELE;0;1028;471;P;;;2.000;6;1.846;29;73;27;5;14
R3;676;2216;KAPELE-RAKOVEC;0;2515;513;O;;M.P. RAKOVEC;100;1;92;0;7;0;0;0
R3;677;2203;M.P. NOVA VAS-PIŠECE;0;6019;515;O;;M.P. NOVA VAS;100;0;94;0;6;0;0;0
R3;677;2202;PIŠECE-ZG.POHANCA-KRŠKO;0;17355;185;O;;ZG. POHANCA;800;7;769;2;19;2;1;0
R3;678;2215;ST.VAS-FIGAROV MOST;0;755;514;O;;M.P. STARA VAS;200;0;194;0;6;0;0;0
R3;679;1192;RADEČE-BREG;0;5700;286;O;;LOKA;1.000;2;951;6;30;10;1;0
R3;679;3909;BREG-SEVNICA;0;8100;709;O;;BREG;1.100;1;1.052;4;33;9;0;1
R3;679;3909;SEVNICA-BLANCA;8100;16800;715;O;;SEVNICA;3.300;11;3.148;25;70;43;2;1
R3;679;3909;BLANCA-BRESTANICA;16800;22097;713;O;;BRESTANICA;1.700;0;1.596;11;60;26;2;5
R3;680;1223;ŠMARJETA-JURKLOŠTER;0;15040;310;P;;;600;2;521;6;25;23;8;15
R3;680;1224;JURKLOŠTER-DEŽNO;0;6600;313;P;;;450;3;400;7;20;13;4;3
R3;681;4005;LAŠKO;0;124;313;P;;;9.000;60;7.988;141;402;268;74;67
R3;681;4006;LAŠKO-BREZE-ŠENTJUR;0;20155;187;O;;ŠENTRUPERT;352;2;335;4;6;5;0;0
R3;681;7233;ŠENTJUR(PODGORA-NOVA V);0;1271;287;P;;;500;14;448;9;27;2;0;0
R3;682;1441;LOKE-LEDINŠČICA;0;10080;312;O;;LEDINŠČICA;350;2;333;0;10;5;0;0
R3;683;1169;PILŠTAJN-GOLOBINJEK;0;10225;274;O;;LESIČNO;750;11;703;8;14;14;0;0
R3;683;1414;IMENO-M.P.IMENO;0;1015;415;O;;M.P. IMENO;309;0;299;1;9;0;0;0
R3;684;7460;PRELASKO-BUČE-KOZJE;0;7384;274;P;;;350;5;329;4;6;6;0;0
R3;685;7495;TEKAČEVO-ROGAŠKA SLATINA;0;4114;136;P;;;6.000;27;5.375;46;209;178;54;111
R3;685;7450;ROG.SLATINA-M.P.RAJNKOVEC;0;1733;517;O;;M.P. RAJNKOVEC;300;1;287;8;4;0;0;0
R3;686;1278;TEPANJE-ŽIČE;0;3750;317;P;;;1.400;0;1.259;83;45;9;4;0
R3;686;1279;ŽIČE-KARTUZIJA;0;6900;317;P;;;300;0;269;18;10;2;1;0
R3;686;1279;KARTUZIJA-DOLE;6900;17100;317;P;;;50;0;45;3;2;0;0;0
R3;686;1280;DOLE-ŠENTJUR;0;3445;317;P;;;1.400;0;1.259;83;45;9;4;0
R3;687;7207;DOLE-PONIKVA-LOČE;0;14270;135;O;;HOTUNJE;2.240;25;2.018;8;126;56;6;1
R3;688;1231;SLOV.KONJICE-ŽIČE;0;4840;317;P;;;1.500;0;1.348;89;48;10;5;0
R3;688;1418;ŽIČE;0;670;317;P;;;3.000;0;2.697;178;96;19;10;0
R3;688;1232;ŽIČE-POLJČANE;0;9500;317;O;;ŽIČE;1.248;0;1.122;74;40;8;4;0
R3;688;1233;POLJČANE-MAJŠPERK;0;16270;318;O;;MAKOLE;1.800;9;1.554;38;63;93;38;5
R3;689;6252;PODLEHNIK-KOZMINCI;0;3700;481;P;;;500;4;445;7;24;17;1;2
R3;689;6260;KOZMINCI-ROGATEC;0;15389;481;O;;ŽETALE;508;4;453;7;24;17;1;2
R3;690;1234;MAJŠPERK-JUROVCI;0;12605;145;O;;STOGOVCI;381;0;335;9;17;9;10;1
R3;690;1235;VIDEM-ZG. LESKOVEC;4500;15775;521;O;;M.P. LESKOVEC;200;2;160;5;30;3;0;0
R3;690;1235;TRŽEC-VIDEM;0;4500;521;P;;;900;10;717;23;136;14;0;0
R3;691;6251;ZAVRČ-DRENOVEC;0;7280;520;P;;;100;0;95;0;4;1;0;0
R3;692;6223;BORL-M.P.MEJE;0;7436;520;O;;M.P. MEJE;300;0;287;0;11;2;0;0
R3;693;2302;STRMEC-SOCKA-VITANJE;0;10320;377;P;;;300;0;271;3;14;7;2;3
R3;694;1268;VELENJE-POLZELA;0;12000;326;O;;ZALOŽE;2.000;8;1.775;11;83;75;32;16
R3;694;1268;POLZELA-DOBRTEŠA VAS;12000;15510;326;P;;;3.800;15;3.371;21;158;143;61;31
R3;695;8208;POLZELA;0;724;326;P;;;2.000;8;1.775;11;83;75;32;16
R3;695;7951;POLZELA-REČICA;0;5410;326;P;;;1.000;4;886;6;42;38;16;8
R3;695;1458;GORENJE-SOTESKA;0;2710;326;P;;;1.500;6;1.332;8;62;56;24;12
R3;696;7912;VELENJE-ŠKALE;0;6538;322;P;;;500;2;462;2;24;7;3;0
R3;696;7919;PLEŠIVEC-GRAŠKA  G.-ŠMIKLAVŽ;0;10710;322;P;;;400;2;370;2;19;5;2;0
R3;696;6904;SL.GRADEC-MISL.DOBRAVA;0;10440;322;P;;;500;2;462;2;24;7;3;0
R3;697;5514;NAZARJE-GORNJI GRAD;0;14082;175;O;;ŠMARTNO OB DRETI;1.342;4;1.278;26;11;22;0;1
R3;698;6505;MEŽICA-REHT;0;2725;552;O;;M.P. MEŽICA;300;1;297;0;2;0;0;0
R3;699;1263;DRAVOGRAD-ČRNEČE;0;2500;672;P;;;400;12;382;0;0;6;0;0
R3;699;1263;ČRNEČE-M.P. LIBELIČE;2500;8800;672;O;;M.P. LIBELIČE;55;2;52;0;0;1;0;0
R3;700;1272;SL.KONJICE-OPLOTNICA;0;6750;330;O;;OPLOTNICA 2;2.115;6;1.995;40;42;22;9;1
R3;700;1273;OPLOTNICA-LOŽNICA;0;9450;331;O;;OPLOTNICA 3;2.000;5;1.770;23;37;122;27;16
R3;701;1270;RUTA-LOVRENC;0;13400;328;O;;PUŠČAVA;2.100;4;1.925;28;72;36;10;25
R3;701;1270;LOVRENC-PESEK;13400;18400;327;P;;;220;0;215;0;3;2;0;0
R3;701;1430;PESEK-ROGLA;0;3500;327;O;;PESEK;1.300;0;1.269;0;19;12;0;0
R3;701;1430;ROGLA-ZREČE;3500;21400;704;O;;ZREČE;1.500;4;1.356;23;67;35;13;2
R3;702;2703;DRAVOGRAD-TRBONJE;0;8070;483;O;;TRBONJE 1;274;4;249;4;15;2;0;0
R3;702;2704;TRBONJE-DRAVČE;0;11370;484;O;;TRBONJE 2;718;4;662;3;28;11;8;2
R3;702;2704;DRAVČE-VUHRED;11370;13300;485;O;;TRBONJE 3;956;6;879;7;40;14;8;2
R3;703;6307;MUTA;0;830;482;P;;;1.600;0;1.576;0;0;8;8;8
R3;703;6304;MUTA-GORTINA;0;1610;482;P;;;1.200;0;1.182;0;0;6;6;6
R3;703;6303;GORTINA-BISTRIŠKI JAREK;0;6050;482;O;;MUTA;450;0;444;0;0;2;2;2
R3;704;1353;RADLJE-RIBNICA;0;12300;378;O;;VUHRED;660;2;617;12;15;7;5;2
R3;704;1355;RIBNICA-BREZNO;0;10440;379;O;;PODVELKA;2.300;8;2.111;19;95;38;6;23
R3;705;1432;RUŠE-PUŠČAVA;0;10100;705;O;;FALA;1.400;3;1.310;14;40;16;8;9
R3;706;6301;OŽBALT-ZG.KAPLA;0;14230;486;O;;OŽBALT;150;0;140;0;3;7;0;0
R3;706;8802;HAJDIČEV MLIN-GRADIŠČE;0;2400;486;P;;;100;0;93;0;2;5;0;0
R3;707;8801;SP.SELNICA-DUH NA OSTREM VRHU;0;13000;486;P;;;100;0;93;0;2;5;0;0
R3;708;1330;ZG.KUNGOTA-PLAČ;0;5480;429;P;;;100;0;94;1;3;1;1;0
R3;709;8614;MB(PODBREŽJE)-PERNICA;0;8355;488;O;;ZG. KORENA;700;1;653;6;32;2;6;0
R3;710;1292;MARIBOR-DVORJANE;0;11965;342;O;;ZG. DUPLEK;10.500;23;9.744;73;396;144;100;20
R3;710;1292;DVORJANE-PTUJ;11965;25075;438;O;;GRAJENA;3.700;18;3.517;17;119;21;4;4
R3;711;9006;FRAM-RAČE;0;2312;38;P;;;1.500;7;1.346;25;69;39;8;6
R3;711;9014;RAČE;0;550;38;P;;;1.600;9;1.433;27;74;41;9;7
R3;711;9013;RAČE-HAJDINA;0;10830;488;P;;;300;0;279;3;14;1;3;0
R3;712;1331;ŽIHLAVA-GABERNIK;0;13000;363;P;;;500;3;448;4;23;14;4;4
R3;712;1331;GABERNIK-ROGOZNICA(PTUJ);13000;21035;363;O;;PACINJE;2.500;14;2.238;20;115;73;20;20
R3;713;4910;LJUTOMER-SAVCI-PTUJ;0;31230;733;O;;SAVCI;750;0;697;19;19;15;0;0
R3;714;1293;VIDEM-RADENCI;0;10353;343;O;;OKOSLAVCI;1.000;8;918;23;43;7;1;0
R3;715;5645;M.SOBOTA-LEMERJE;0;8500;490;O;;LEMERJE 3;2.100;4;1.905;30;82;70;8;1
R3;715;5645;LEMERJE-SKAKOVCI;8500;14385;491;O;;LEMERJE 2;800;0;721;7;36;31;5;0
R3;716;5637;LEMERJE-GRAD;0;11210;489;O;;LEMERJE 1;500;3;456;8;15;16;2;0
R3;716;5640;GRAD;0;1450;489;P;;;600;3;548;10;18;19;2;0
R3;716;5630;GRAD-KUZMA;0;4585;489;P;;;500;3;456;8;15;16;2;0
R3;717;1297;CANKOVA;0;822;666;P;;;600;4;586;0;8;2;0;0
R3;717;5614;CANKOVA-GERLINCI;0;5200;489;P;;;150;1;136;2;5;5;1;0
R3;717;5615;KOROVCI;0;420;524;P;;;150;0;150;0;0;0;0;0
R3;717;5616;GERLINCI;0;355;524;P;;;150;0;150;0;0;0;0;0
R3;718;5620;PERFOČA-FIKŠINCI;0;4688;489;P;;;150;1;136;2;5;5;1;0
R3;718;5619;FIKŠINCI;0;984;489;P;;;100;1;91;2;3;3;0;0
R3;719;5621;ROGAŠOVCI-KRAMAROVCI;0;2953;489;P;;;100;1;91;2;3;3;0;0
R3;719;5622;KRAMAROVCI;0;630;524;P;;;100;0;100;0;0;0;0;0
R3;720;5624;SOTINA;0;2266;524;P;;;100;0;100;0;0;0;0;0
R3;721;1317;PETROVCI-KUZMA;0;19950;356;O;;DOLIČ;260;5;224;3;17;8;3;0
R3;722;1446;M.P.MARTINJE-MARTINJE;0;310;524;O;;M.P. MARTINJE;130;0;130;0;0;0;0;0
R3;723;5691;ŠALOVCI-ČEPINCI;0;6638;358;P;;;150;1;140;2;3;2;2;0
R3;723;5657;ČEPINCI-MEJA MADŽARSKA;0;2200;524;P;;;150;0;150;0;0;0;0;0
R3;724;5693;HODOŠ-DOMANJŠEVCI;0;5055;358;P;;;100;0;95;1;2;1;1;0
R3;724;5694;DOMANJŠEVCI;0;1060;358;P;;;100;0;95;1;2;1;1;0
R3;724;5661;DOMANJŠEVCI-BERKOVCI;0;3770;358;P;;;100;0;95;1;2;1;1;0
R3;724;4210;BERKOVCI-KOBILJE;0;12943;358;P;;;300;1;281;4;6;4;3;1
R3;725;5672;MARTJANCI-SEBEBORCI;0;3167;492;O;;MARTJANCI;100;0;96;0;4;0;0;0
R3;725;5677;SEBEBORCI-TRAKŠAROV BREG;0;3973;492;P;;;100;0;96;0;4;0;0;0
R3;725;5678;TRAKŠAROV BREG- FOKOVCI;0;440;492;P;;;100;0;96;0;4;0;0;0
R3;725;5668;FOKOVCI-PROSENJAKOVCI;0;7595;492;P;;;100;0;96;0;4;0;0;0
R3;726;1321;RENKOVCI-ČRENŠOVCI;0;8240;359;O;;TURNIŠČE;2.200;5;2.047;31;46;33;21;17
R3;726;1322;ČRENŠOVCI-RAZKRIŽJE;0;6210;360;O;;ČRENŠOVCI;2.700;33;2.400;20;106;91;12;38
R3;726;1324;STROČJA VAS-PAVLOVCI;0;13200;140;O;;MIKLAVŽ;890;2;837;12;27;5;6;1
R3;727;1326;RAZKRIŽJE-MEJA R HRVAŠKA;0;475;431;P;;;500;0;477;5;16;2;0;0
R3;728;1148;ŠKOFLJICA-IG;0;5249;161;O;;IG;800;2;715;0;36;33;12;2
R3;728;4815;IG-RAKITNA;0;19440;158;O;;RAKITNA;60;2;54;0;4;0;0;0
R3;729;4206;HOTIZA-VELIKA POLANA;0;3317;359;P;;;150;0;141;2;3;2;1;1
R3;729;4207;VELIKA POLANA-LIPA-BELTINCI;0;8920;359;P;;;200;0;186;3;4;3;2;2
R3;730;4104;ŽICE-SV.ANA-ZG.ŠČAVNICA;0;5835;359;P;;;200;0;186;3;4;3;2;2
R3;730;4105;ZG.ŠČAVNICA-DRAŽEN VRH;0;2235;359;P;;;150;0;141;2;3;2;1;1
R3;731;8209;POLZELA-PARIŽLJE-BRASLOVČE-M.B;0;3919;326;P;;;300;1;267;2;12;11;5;2
R3;732;8215;PONDOR-TABOR;0;2388;326;P;;;300;1;267;2;12;11;5;2
R3;732;8259;TABOR-OJSTRIŠKA VAS-KAPLA;0;1645;326;P;;;300;1;267;2;12;11;5;2
R3;733;5831;VAVTA VAS-DOL.TOPLICE-PODTURN;0;6290;294;P;;;1.500;5;1.362;11;46;54;8;14
R3;734;4123;CERKVENJAK-VITOMARCI;0;5733;338;P;;;150;2;130;1;6;5;2;4
R3;734;4121;VITOMARCI-GABRNIK;0;6397;338;P;;;150;2;130;1;6;5;2;4
R3;735;6314;MUTA-VUZENICA;0;445;484;P;;;300;1;277;1;12;5;3;1
RT;901;1001;RATEČE-PLANICA;0;2000;211;P;;;50;2;48;0;0;0;0;0
RT;902;1019;STRMEC-MANGART;0;11980;211;P;;;50;2;48;0;0;0;0;0
RT;903;1021;IDRSKO-LIVEK;0;6960;211;P;;;100;5;92;1;1;1;0;0
RT;904;1093;JEZERO-ZLATOROG;0;4200;240;O;;BOHINJSKO JEZERO;2.000;18;1.915;51;8;8;0;0
RT;904;1093;ZLATOROG-SAVICA;4200;8200;240;P;;;250;2;240;6;1;1;0;0
RT;905;1095;GORJE-KRNICA;0;2160;235;P;;;2.000;10;1.878;27;48;29;5;3
RT;905;1096;KRNICA-ZATRNIK;0;4000;236;O;;KRNICA;500;5;461;7;18;7;1;1
RT;905;1096;ZATRNIK-MRZLI STUDENEC;4000;9120;236;P;;;400;4;369;6;14;5;1;1
RT;905;1097;MRZLI STUDENEC-JEREKA;0;16340;239;P;;;170;1;156;5;4;3;0;1
RT;906;1100;MRZLI STUD.-RUDNO POLJE;0;6100;239;P;;;60;0;56;2;1;1;0;0
RT;907;1101;KRNICA-ZG.RADOVNA;0;11880;239;P;;;160;1;149;4;3;2;0;1
RT;907;1102;ZG.RADOVNA-DOVJE;0;6400;239;P;;;220;1;204;6;5;3;0;1
RT;908;1383;KRAJE-MOJSTRANA;0;2000;631;P;;;1.000;6;928;23;22;17;2;2
RT;908;1383;MOJSTRANA-VRATA;2000;11600;211;P;;;60;4;54;1;0;1;0;0
RT;909;1125;BOH.BISTRICA-VRESJE;0;8260;253;O;;NEMŠKI ROVT;180;0;162;0;8;0;0;10
RT;909;1128;VRESJE-SORICA;0;9530;236;P;;;220;2;202;3;8;3;1;1
RT;909;1129;SORICA-PETROVO BRDO;0;4200;236;P;;;60;0;56;1;2;1;0;0
RT;910;1130;SORICA-PODROŠT;0;5250;236;P;;;400;4;369;6;14;5;1;1
RT;911;1123;RUDNO-ROVTARICA;0;11510;253;P;;;50;0;45;0;2;0;0;3
RT;911;1124;ROVTARICA-VRESJE;0;7880;253;P;;;50;0;45;0;2;0;0;3
RT;912;7302;ZALI LOG-DAVČA;0;7856;211;P;;;660;35;605;6;5;6;3;0
RT;912;7350;DAVČA-NOVAKI;0;3065;211;P;;;900;47;827;8;6;8;4;0
RT;912;3105;NOVAKI-CERKNO;0;10295;211;P;;;1.000;52;918;9;7;9;5;0
RT;913;6105;POSTOJNA-MOTEL ERAZEM;0;6130;701;O;;PREDJAMA;1.300;12;1.206;22;23;17;4;16
RT;913;6101;ERAZEM-VRHI;0;865;701;P;;;300;3;277;6;5;4;1;4
RT;913;6110;VRHI-BUKOVJE;0;1940;701;P;;;200;2;185;3;3;3;1;3
RT;913;6109;BUKOVJE-PREDJAMA;0;1525;701;P;;;150;1;140;3;2;2;0;2
RT;914;1372;POSTOJNA-RAKOV.ŠKOC.;0;4200;392;P;;;1.300;3;1.110;40;78;53;11;5
RT;914;2402;RAKOV ŠKOCJAN-PODSKRAJNIK;0;7085;152;O;;RAKOV ŠKOCJAN;238;0;216;12;9;0;1;0
RT;915;1376;IL.BISTRICA-GRDA DRAGA;0;21000;226;P;;;150;3;138;2;4;3;0;0
RT;915;2427;GRDA DRAGA- PUDOB;0;28100;498;O;;SNEŽNIK;50;6;38;0;0;0;0;6
RT;916;3653;DRAGARJI-MEDVEDJEK-DRAGA;0;17200;468;P;;;50;1;44;1;4;0;0;0
RT;917;3602;KOČEVJE-ŽELJNE;0;2923;466;P;;;800;7;622;4;48;36;61;22
RT;917;3621;ŽELJNE-ROG-BAZA-PODTURN;0;29400;467;O;;KOČEVSKE POLJANE;176;2;161;0;6;1;5;1
RT;918;3652;KOT-GRGELJ;0;12314;468;P;;;50;1;44;1;4;0;0;0
RT;918;3617;GRGELJ-FARA;0;11375;468;P;;;50;1;44;1;4;0;0;0
RT;919;1341;PODZEMELJ-ADLEŠIČI;0;9450;372;O;;DOLENJCI 3;514;5;465;8;22;12;0;2
RT;919;1466;ŽUNIČI-VINICA;0;10340;373;O;;VINICA 1;463;8;401;5;33;6;10;0
RT;919;1343;VINICA-STARI TRG;0;20220;374;O;;VINICA 2;200;1;176;12;10;1;0;0
RT;920;5899;VAHTA-GABRJE;0;22568;467;P;;;50;1;46;0;2;0;1;0
RT;921;4306;KANDRŠE-VAČE-SP.HOTIČ;0;7711;467;P;;;500;6;457;0;17;3;14;3
RT;922;1455;CERKLJE-KRVAVEC;0;2698;496;O;;CERKLJE;1.200;14;1.126;1;12;21;25;1
RT;923;1087;STAHOVICA-KAM.BISTRICA;0;8210;234;P;;;200;3;183;3;3;6;1;1
RT;924;3559;PODLOM-KR.RAK;0;4540;169;O;;KALIŠE;292;1;272;0;8;3;8;0
RT;924;3559;KR.RAK-LUČE;4540;17032;477;P;;;30;0;29;0;1;0;0;0
RT;925;1251;SESTRE LOGAR-RINKA;0;7300;211;P;;;200;11;183;2;1;2;1;0
RT;926;5501;SOLČAVA-PODOLŠEVA-SLEME;0;10425;477;P;;;50;0;46;1;1;1;0;1
RT;926;6519;SLEME-KOPRIVNA;0;5917;477;P;;;50;0;46;1;1;1;0;1
RT;926;6506;KOPRIVNA-ČRNA;0;7980;477;O;;PRISTAVA;750;0;700;11;16;8;6;9
RT;927;5502;ŽIBOVT-SV.DUH-PODOLŠEVA;0;10345;477;P;;;50;0;46;1;1;1;0;1
RT;928;1253;MOZIRJE-GOLTE;0;4350;211;P;;;500;27;458;5;3;5;2;0
RT;929;1332;HOČE-POHORSKA VZPENJAČA;0;16575;495;O;;HOČKO POHORJE;1.000;8;919;20;30;13;10;0
RT;929;1409;ODCEP ZA AREH;0;5210;211;P;;;500;27;458;5;3;5;2;0
RT;929;7070;AREH-LUKANJA;0;15320;477;P;;;20;0;20;0;0;0;0;0
RT;930;7065;PESEK-OPLOTNICA;0;18820;477;P;;;80;0;74;1;2;1;1;1
RT;931;1354;RIBNICA-RIBNIŠKA KOČA;0;9710;378;P;;;50;0;47;1;1;1;0;0
RT;932;6924;SL.GRADEC-PUNGART;0;15005;327;P;;;1.200;0;1.172;0;17;11;0;0
RT;933;1193;BREG- LISCA;0;4650;454;O;;BREG 1;500;5;459;2;22;12;0;0
RT;933;1193;LISCA-JURKLOŠTER;4650;12370;287;O;;JURKLOŠTER;250;7;223;5;14;1;0;0
RT;934;6838;SEŽANA-LIPICA;0;3494;57;O;;LOKEV 1;1.856;13;1.698;17;77;47;2;2
RT;934;6840;LIPICA-LOKEV;0;4139;75;O;;LOKEV 2;613;0;545;2;38;27;0;1
RT;935;9042;FRAM-CESTNIK-AREH;0;13900;495;P;;;50;0;45;1;2;1;1;0
;;;;;;;;;;;;;;;;;
Legenda;;;;;;;;;;;;;;;;;
;;;;;;;;;;;;;;;;;
Kat. ceste;;;Kategorija ceste;;;;;;;;;;;;;;
Štev. ceste;;;Oznaka ceste;;;;;;;;;;;;;;
Štev. odseka;;;Oznaka odseka ceste;;;;;;;;;;;;;;
Prometni odsek;;;Opis poteka prometnega odseka;;;;;;;;;;;;;;
Stac. začetka;;;Stacionaža začetka prometnega odseka;;;;;;;;;;;;;;
Stac. konca;;;Stacionaža konca prometnega odseka;;;;;;;;;;;;;;
Števno mesto;;;Oznaka števnega mesta;;;;;;;;;;;;;;
Tip pr. odseka;;;O - Osnovni prometni odsek (na prometnem odseku se izvaja štetje);;;;;;;;;;;;;;
;;;P - Privzeti promet (na prom. odseku se ne izvaja štetje promet je ocenjen);;;;;;;;;;;;;;
Tip avt. števca;;;QLD-3  Števec QLD-3 loči osebna in tovorna vozila;;;;;;;;;;;;;;
;;;QLD-6  Števec QLD-6 loči 9 kategorij vozil;;;;;;;;;;;;;;
;;;SBH  Števec zaznava skupno število vozil;;;;;;;;;;;;;;
Ime števnega mesta;;;Ime števnega mesta;;;;;;;;;;;;;;
Vsa vozila (PLDP);;;PLDP - Povprečni letni dnevni promet vseh motornih vozil;;;;;;;;;;;;;;
Motorji;;;MO - Motorji;;;;;;;;;;;;;;
Osebna vozila;;;OA - Osebna vozila;;;;;;;;;;;;;;
Avtobusi;;;BUS - Avtobusi;;;;;;;;;;;;;;
Lahka tov. < 3t;;;LT - Lahki tovorni promet do 3t;;;;;;;;;;;;;;
Sr. tov.  3-7t;;;ST - Srednje težki tovornjaki 3-7t;;;;;;;;;;;;;;
Tež. tov. nad 7t;;;TT - Težki tovornjaki nad 7t;;;;;;;;;;;;;;
Tov. s prik.;;;TP - Tovorni s prikolico;;;;;;;;;;;;;;
