Kat. ceste;Stev. ceste;Stev. odseka;Prometni odsek;Stac. zacetka;Stac. Konca;Stevno mesto;Tip pr. odseka;Tip avt. stevca;Ime stevnega mesta;Vsa vozila (PLDP);Motorji;Osebna vozila;Avtobusi;Lahka tov. < 3t;Sr. tov.  3-7t;Tez. tov. nad 7t;Tov. s prik.;ZAPORED
AC;A1;0030;MP SENTILJ-SENTILJ;0;1.230;674;O;QLD3;M.P. SENTILJ AC;8.454;32;8.204;54;164;0;0;0;1
AC;A1;0031;SENTILJ - PESNICA;0;9.900;837;O;QLD3;C.P. PESNICA;9.994;40;9.284;62;230;66;12;300;4
AC;A1;0066;MARIBOR(PTUJSKA)-SLIVNICA;0;4.930;840;O;QLD6;PTUJSKA AC;12.170;12;9.896;84;738;300;372;768;6.5
AC;A1;0034;SLIVNICA;0;1.700;802;P;;;23.382;32;19.542;112;1.492;512;584;1.108;8
AC;A1;0035;SLIVNICA-FRAM;0;1.910;802;O;QLD6;HOCE AC;23.382;32;19.542;112;1.492;512;584;1.108;10
AC;A1;0036;FRAM-SL.BISTRICA;0;9.740;802;P;;;19.500;26;16.302;92;1.244;426;486;924;13
AC;A1;0037;SL.BISTRICA-SL.KONJICE;0;9.110;838;O;QLD3;C.P. TEPANJE;13.532;16;11.202;76;590;568;132;948;17
AC;A1;0136;PRIKLJ. SL. KONJICE;0;1.897;833;O;QLD3;C.P. SLOV. KONJICE;3.693;45;3.316;7;115;106;37;67;19
AC;A1;0038;SL.KONJICE-DRAMLJE;0;10.880;838;P;;;15.630;18;12.940;88;682;656;152;1.094;20
AC;A1;0039;DRAMLJE-CELJE;0;8.440;838;P;;;17.000;20;14.076;94;742;714;164;1.190;23
AC;A1;0040;CELJE-ARJA VAS;0;7.508;648;O;QLD6;LOPATA  - AC;23.438;58;17.828;122;1.952;1.072;686;1.720;26
AC;A1;0041;ARJA VAS-SENTRUPERT;0;9.646;839;P;;;16.000;28;13.460;88;565;507;112;1.240;30
AC;A1;0042;SENTRUPERT-VRANSKO;0;7.889;839;O;QLD3;C.P. VRANSKO;15.160;26;12.748;82;536;482;108;1.178;33
AC;A1;0043;VRANSKO-LOCICA;0;2.510;839;P;;;20.000;34;16.816;110;708;636;142;1.554;36
AC;A1;0045;KRTINA-DOMZALE;0;3.500;830;P;;;20.000;14;16.276;134;1.316;456;414;1.390;38.82
AC;A1;0046;DOMZALE-SENTJAKOB;0;5.390;830;O;QLD6;PSATA AC;22.432;16;18.254;152;1.476;512;464;1.558;38.85
AC;A1;0047;SENTJAKOB-LJ(ZADOBROVA);0;2.767;830;P;;;28.000;20;22.784;190;1.840;640;580;1.946;38.88
AC;A1;0048;LJ (ZADOBROVA-ZALOSKA);0;1.435;179;P;;;40.000;50;35.958;62;2.066;700;570;594;38.93
AC;A1;0049;LJ (ZALOSKA-LITIJSKA);0;1.265;180;P;;;35.000;28;30.576;74;1.776;996;558;992;38.95
AC;A1;0050;LJ (LITIJSKA-MALENCE);0;3.935;180;O;QLD6;VZH. OBVOZNICA;34.166;28;29.848;72;1.734;972;544;968;38.97
AC;A1;0019;MALENCE - LJ(DOLENJSKA C.);0;380;178;P;;;40.000;74;34.746;154;2.144;944;488;1.450;40
AC;A1;0018;LJ (DOLENJSKA - BARJANSKA);0;3.940;178;O;QLD6;JUZ. OBVOZNICA;38.304;72;33.272;148;2.052;904;468;1.388;43
AC;A1;0017;LJ (BARJANSKA - VIC);0;2.760;178;P;;;40.000;74;34.746;154;2.144;944;488;1.450;47
AC;A1;0016;LJ (VIC - KOZARJE);0;880;178;P;;;47.000;88;40.824;180;2.520;1.110;574;1.704;50
AC;A1;0051;LJ(KOZARJE)-BREZOVICA;0;2.300;170;P;;;42.000;92;36.530;156;2.704;758;584;1.176;51
AC;A1;0052;BREZOVICA-VRHNIKA;0;12.405;800;O;QLD3;C.P. LJUBLJANA;33.696;116;30.732;218;776;440;164;1.250;54
AC;A1;0150;PRIKLJ. VRHNIKA;0;1.472;804;O;QLD3;C.P. VRHNIKA;8.925;41;8.442;57;172;112;29;72;56
AC;A1;0053;VRHNIKA-LOGATEC;0;8.285;800;P;;;25.000;88;22.800;162;576;324;122;928;57
AC;A1;0151;PRIKLJ. LOGATEC;0;2.482;805;O;QLD3;C.P. LOGATEC;3.549;16;3.262;35;106;68;18;44;59
AC;A1;0054;LOGATEC-UNEC;0;10.420;800;P;;;23.000;80;20.978;148;530;298;112;854;60
AC;A1;0152;PRIKLJ. UNEC;0;800;824;O;QLD3;C.P. UNEC-LJ;2.809;10;2.588;16;88;77;6;24;62
AC;A1;0152;PRIKLJ. UNEC;800;916;825;O;QLD3;C.P. UNEC-KP;857;3;754;7;41;37;3;12;62
AC;A1;0055;UNEC-POSTOJNA;0;11.380;820;P;;;22.000;76;19.416;150;1.190;266;156;746;64
AC;A1;0153;PRIKLJ. POSTOJNA;0;900;826;O;QLD3;C.P. POSTOJNA-LJ;6.233;45;5.564;82;200;170;101;71;65
AC;A1;0153;PRIKLJ. POSTOJNA;900;1.322;827;O;QLD3;C.P. POSTOJNA-KP;1.187;9;1.062;15;37;32;19;13;65
AC;A1;0056;POSTOJNA-RAZDRTO;0;11.140;820;P;;;18.500;64;16.326;128;1.000;224;130;628;67
AC;A1;0057;RAZDRTO - SENOZECE;0;5.450;812;O;;CEBULOVICA AC;15.000;46;12.816;140;432;328;290;948;69
AC;A1;0155;PRIKLJ. SENOZECE;0;1.598;818;O;QLD6;CP SENOZECE;910;2;737;4;55;36;26;50;71
AC;A1;0058;SENOZECE -  GABRK;0;4.385;812;P;;;14.500;44;12.386;136;420;318;280;916;72
AC;A1;0059; GABRK - DIVACA;0;2.790;814;O;;DIVACA AC;11.000;56;9.526;70;358;290;134;566;75
AC;A1;0157;PRIKLJ. DIVACA;0;1.850;817;O;QLD6;C.P. DIVACA;917;2;785;10;68;18;12;22;77
AC;A1;0060;DIVACA-KOZINA;0;7.160;820;P;;;10.750;38;9.486;72;582;130;76;366;78
AC;A1;0158;PRIKLJ. KOZINA;0;700;821;O;QLD6;C.P. KOZINA-LJ;1.586;8;1.189;12;143;38;22;174;80
AC;A1;0158;PRIKLJ. KOZINA;700;1.654;823;O;QLD6;C.P. KOZINA-KP;283;4;241;2;20;6;2;8;80
AC;A1;0061;KOZINA-KLANEC(CRNI KAL);0;3.950;820;O;QLD6;C.P. VIDEZ;10.250;36;9.046;70;554;124;72;348;80.5
AC;A1;0236;KRIZ. DEKANI-BERTOKI;0;2.180;11;P;;;45.000;190;40.890;228;2.134;562;378;618;82
AC;A1;0237;BERTOKI-KP(SKOCJAN);0;2.500;11;O;QLD6;BERTOKI AC;44.152;188;40.114;224;2.094;552;372;608;85
AC;A2;0001;MP KARAVANKE-HRUSICA;0;5.360;673;O;;M.P. KARAVANKE;5.191;24;4.352;40;211;211;118;235;88
AC;A2;0002;HRUSICA-LIPCE;0;7.168;646;P;;;14.000;70;11.842;118;880;512;140;438;94
AC;A2;0003;LIPCE-LESCE;0;6.360;646;O;QLD6;LIPCE AC;14.936;72;12.638;126;938;546;150;466;97
AC;A2;0006;(PODTABOR) BISTRICA-KRANJ Z;0;3.800;647;O;QLD6;NAKLO;28.080;88;24.934;256;1.530;392;288;592;99.9
AC;A2;0007;KRANJ Z-KRANJ V;0;5.704;851;O;;KOKRICA AC;18.000;86;15.812;94;1.040;336;208;424;101
AC;A2;0008;KRANJ V - BRNIK;0;3.887;850;P;;;17.000;46;16.376;48;208;66;96;160;104
AC;A2;0009;BRNIK - VODICE;0;5.250;850;O;QLD3;C.P. TOROVO;16.984;46;16.360;48;208;66;96;160;107
AC;A2;0010;VODICE -LJ( SMARTNO);0;6.968;853;O;QLD6;POVODJE AC;25.714;64;23.430;150;1.258;244;160;408;111
AC;A2;0011;LJ(SMARTNO -  BROD);0;2.375;852;O;;SMARTNO AC;28.000;64;26.252;132;498;406;150;498;113
AC;A2;0012;LJ(BROD-SENTVID);0;915;852;P;;;24.000;54;22.502;112;426;350;130;426;116
AC;A2;0014;LJ(KOSEZE - BRDO);0;1.850;170;O;QLD6;ZAH. OBVOZNICA;63.732;140;55.428;236;4.104;1.152;888;1.784;119
AC;A2;0015;LJ(BRDO - KOZARJE);0;2.400;170;P;;;63.000;138;54.792;234;4.056;1.138;878;1.764;122
AC;A2;0020;LJ(MALENCE)-SMARJE-SAP;0;6.298;645;O;QLD6;SMARJE SAP AC;34.072;78;29.000;210;2.214;1.028;440;1.102;125
AC;A2;0021;SMARJE SAP-GROSUPLJE;0;3.869;645;P;;;36.000;82;30.634;222;2.342;1.088;466;1.166;128
AC;A2;0022;GROSUPLJE-IVANCNA GORICA;0;12.830;601;O;QLD6;VISNJA GORA;24.228;36;20.826;176;1.410;440;264;1.076;132
AC;A2;0023;IVANCNA GORICA-BIC;0;5.778;870;O;QLD6;C.P. DOB;14.228;18;11.966;180;798;248;134;884;134.2
AC;A2;1500;ZACASNI PRIKLJ. BIC;0;414;870;P;;;14.228;18;11.966;180;798;248;134;884;134.4
AC;A3;0068;GABRK-SEZANA V;0;7.050;813;O;QLD3;C.P. DANE;5.394;6;4.692;50;146;78;116;306;135
AC;A3;0069;SEZANA V - SEZANA Z;0;2.692;653;P;;;7.404;30;5.854;200;518;100;80;622;138
AC;A3;0070;SEZANA Z - FERNETICI;0;1.570;653;O;QLD3;M.P. FERNETICI;6.538;32;5.794;198;514;0;0;0;141
AC;A3;0372;KAMIONSKA C. FERNETICI;0;1.994;653;B;QLD3;M.P. FERNETICI;870;0;0;0;0;109;86;675;143
HC;H1;1462;CRNIVEC-PODTABOR;0;5.840;50;O;;PERACICA;24.000;98;21.571;222;1.046;400;161;502;201
HC;H1;0209;PODTABOR-BISTRICA;0;3.500;647;P;;;28.078;88;24.932;256;1.530;392;288;592;204
HC;H1;0219;BIC;0;800;870;P;;;14.228;18;11.966;180;798;248;134;884;207
HC;H1;0220;BIC-TREBNJE;0;10.465;55;O;;TREBNJE 1;15.000;29;12.908;163;705;470;100;625;209
HC;H1;0221;TREBNJE-KARTELJEVO;0;14.730;634;O;QLD6;TREBNJE;14.951;22;12.184;131;1.068;352;257;937;211
HC;H1;0222;KARTELJEVO-MACKOVEC;0;4.025;634;P;;;7.800;12;6.358;68;557;183;133;489;213
HC;H1;0223;MACKOVEC-OTOCEC;0;4.200;634;P;;;14.500;22;11.818;127;1.035;341;248;909;215
HC;H1;0224;OTOCEC-DOBRUSKA VAS;0;8.025;602;O;QLD6;RUHNA VAS;12.949;22;10.693;138;738;294;210;854;217
HC;H1;0225;DOBRUSKA VAS-SMEDNIK;0;6.165;602;P;;;13.000;22;10.734;139;741;295;211;858;219
HC;H1;0226;SMEDNIK-DRNOVO;0;7.475;602;P;;;13.000;22;10.734;139;741;295;211;858;221
HC;H1;0227;DRNOVO-CATEZ;0;11.440;58;O;QLD6;DRNOVO 1;9.138;12;7.454;120;532;164;120;736;223
HC;H1;0228;CATEZ-MOKRICE;0;6.955;511;P;;;8.000;2;7.320;86;136;93;29;334;225
HC;H1;0229;MOKRICE-OBREZJE;0;2.020;511;O;QLD3;M.P. OBREZJE;7.608;2;6.962;81;130;88;28;317;227
HC;H2;0032;PESNICA-MARIBOR;0;4.630;16;O;QLD6;MELJSKA HC;26.606;28;22.536;300;1.376;500;386;1.480;228
HC;H2;0033;MARIBOR-TEZNO;0;2.665;15;O;QLD6;MARIBOR HC;27.116;44;23.150;232;1.248;522;416;1.504;232
HC;H3;0085;LJ(ZADOBROVA-SMARTINSKA);0;1.455;179;O;QLD6;SV OBVOZNICA;38.212;48;34.350;60;1.974;668;544;568;234
HC;H3;0086;LJ(SMARTINSKA-TOMACEVO);0;2.086;174;P;;;52.000;88;46.090;96;2.714;906;668;1.438;238
HC;H3;0088;LJ(TOMACEVO - DUNAJSKA);0;1.140;174;P;;;64.000;108;56.730;116;3.340;1.114;824;1.768;240
HC;H3;0089;LJ(DUNAJSKA - CELOVSKA);0;2.650;174;O;QLD6;SEV. OBVOZNICA;54.432;92;48.246;100;2.842;948;700;1.504;243
HC;H3;0090;LJ(CELOVSKA - KOSEZE);0;1.880;170;P;;;64.000;140;55.664;236;4.120;1.156;892;1.792;248
HC;H4;0375;VIPAVA-AJDOVSCINA;0;6.750;635;P;;;9.500;24;6.980;26;640;694;194;942;251.92
HC;H4;0376;AJDOVSCINA-SELO;0;9.115;635;O;QLD6;AJDOVSCINA HC;9.150;24;6.724;24;618;668;186;906;253
HC;H4;0378;SELO - VOGRSKO;0;6.730;816;O;QLD6;SELO HC;8.938;22;7.124;24;350;308;148;962;256
HC;H4;0379;VOGRSKO-SEMPETER;0;4.780;815;O;QLD3;C.P. BAZARA;2.728;8;1.846;6;122;104;104;538;259
HC;H4;0380;SEMPETER-MP VRTOJBA;0;2.200;671;O;QLD3;M.P. VRTOJBA;5.154;10;4.032;84;1.028;0;0;0;262
HC;H4;1467;KAMIONSKA CESTA VRTOJBA;0;1.878;671;B;QLD3;M.P. VRTOJBA;1.419;0;0;0;0;153;161;1.105;264
G1;1;0240;MP VIC-DRAVOGRAD;0;3.590;663;O;QLD3;M.P. VIC;1.258;16;1.183;11;18;8;2;20;300
G1;1;0241;DRAVOGRAD-RADLJE;0;16.480;60;O;QLD6;GORTINA;6.479;24;5.679;70;310;170;102;124;301
G1;1;0242;RADLJE;0;2.350;60;P;;;8.000;30;7.013;86;382;210;126;153;302
G1;1;0243;RADLJE-BREZNO;0;9.000;605;O;QLD6;BREZNO;4.319;18;3.686;50;243;130;90;102;303
G1;1;0244;BREZNO-RUTA;0;9.500;605;P;;;4.400;18;3.757;51;247;132;91;104;304
G1;1;0245;RUTA-SELNICA;0;10.500;61;P;;;6.200;18;5.614;64;209;131;85;79;305
G1;1;0245;SELNICA-MB(OTOK);10.500;20.120;61;O;QLD6;BRESTRNICA;8.148;24;7.378;84;274;172;112;104;305
G1;1;0245;MB(OTOK)-MB(KOROSKI MOST);20.120;20.900;61;P;;;12.000;35;10.867;123;404;253;165;153;305
G1;1;1468;MB( KOR. MOST-TRZASKA);0;4.760;706;P;;;13.000;29;11.893;103;430;269;136;140;306
G1;1;0246;MB(TRZASKA)-AC1;0;3.000;15;P;;;25.000;41;21.345;214;1.151;479;383;1.387;307
G1;1;0246;AC1-MIKLAVZ;3.000;3.745;606;P;;;17.000;32;14.625;216;1.072;331;179;545;307
G1;1;1400;MIKLAVZ-HAJDINA;0;17.035;606;O;QLD6;STARSE;14.613;28;12.573;185;922;284;153;468;307.5
G1;2;1290;SL.BISTRICA-PRAGERSKO;0;7.300;196;O;QLD6;DEVINA;7.064;18;5.475;42;391;278;176;684;308
G1;2;1290;PRAGERSKO-KIDRICEVO;7.300;16.470;642;O;QLD3;KIDRICEVO 1;6.382;16;4.946;38;353;252;159;618;308
G1;2;1290;KIDRICEVO-HAJDINA;16.470;20.060;629;O;QLD3;KIDRICEVO 2;7.948;20;6.161;47;440;313;198;769;308
G1;2;0247;HAJDINA-PTUJ;0;2.070;606;P;;;22.000;42;18.926;280;1.388;428;231;705;309
G1;2;0248;PTUJ;0;1.025;606;P;;;28.000;54;24.089;355;1.766;546;294;896;310
G1;2;0249;PTUJ-SPUHLJA;0;3.020;606;P;;;15.000;29;12.904;190;947;292;157;481;311
G1;2;0250;SPUHLJA-ORMOZ;0;17.800;62;O;QLD6;CVETKOVCI;5.958;18;4.828;50;332;162;116;452;312
G1;2;0398;ORMOZ Z - ORMOZ V;0;3.020;62;P;;;4.500;14;3.646;38;251;122;88;341;312.1
G1;2;1313;ORMOZ-SREDISCE OB DRAVI;0;9.000;355;O;;OBREZ;2.600;4;2.156;20;142;31;28;219;314
G1;2;1313;SREDISCE OB DRAVI - MP SRED.;9.000;11.865;522;O;QLD3;M.P. SR. OB DRAVI;1.171;5;851;1;66;14;10;224;314
G1;3;0314;PESNICA-LENART;0;14.380;84;O;QLD6;MOCNA;12.602;30;10.543;148;643;290;218;730;316
G1;3;0315;LENART-GORNJA RADGONA;0;17.785;85;O;;SP. SCAVNICA;7.300;24;5.517;121;459;309;148;722;317
G1;3;0316;GORNJA RADGONA;0;1.750;86;P;;;10.500;29;9.195;126;283;216;98;553;318
G1;3;0366;GORNJA RADGONA-RADENCI;0;5.640;86;O;QLD3;SRATOVCI;10.316;29;9.032;123;279;213;96;544;319
G1;3;0317;RADENCI-PETANJCI;0;2.050;86;P;;;9.000;26;7.879;108;243;185;84;475;320
G1;3;0318;PETANJCI-M.SOBOTA;0;10.150;623;O;QLD6;TROPOVCI;8.186;20;6.523;116;419;290;147;671;321
G1;3;0319;M.SOBOTA-BRATONCI;0;5.300;157;O;;RAKICAN;10.000;15;8.450;153;407;260;102;613;322
G1;3;0320;BRATONCI-BELTINCI;0;2.250;157;P;;;8.600;13;7.267;132;350;224;87;527;323
G1;3;0321;BELTINCI-CRENSOVCI;0;5.800;87;O;;ODRANCI;6.000;25;4.761;112;213;167;86;636;324
G1;3;0369;CRENSOVCI;0;420;88;P;;;5.500;19;4.190;72;233;142;87;757;325
G1;3;0322;CRENSOVCI-D.LAKOS;0;14.050;88;O;QLD6;HOTIZA;5.235;18;3.988;68;223;136;82;720;326
G1;3;0815;D.LAKOS-RONDO DOLGA VAS;0;4.670;685;O;QLD3;LENDAVSKA OBVOZNICA;2.309;8;1.639;3;54;32;30;543;326.4
G1;3;0487;RONDO DOLGA VAS;0;91;141;P;;;2.000;6;1.278;3;59;35;32;587;326.5
G1;3;1453;DOLGA VAS-MP DOLGA VAS;0;2.520;141;O;QLD3;M.P. DOLGA VAS;2.227;6;1.424;3;66;39;36;653;326.6
G1;4;1257;DRAVOGRAD-OTISKI VRH;0;1.370;131;P;;;10.000;90;8.705;136;409;378;133;149;330
G1;4;1258;OTISKI VRH-SL.GRADEC;0;9.170;131;O;;SLOV. GRADEC;12.000;108;10.444;164;491;453;160;180;331
G1;4;1445;SL.GRADEC;0;1.910;131;P;;;9.000;81;7.833;123;368;340;120;135;332
G1;4;1259;SL.GRADEC-ZG.DOLIC;0;12.985;621;O;QLD6;MISLINJA;7.203;26;6.002;90;529;258;108;190;333
G1;4;1260;ZG.DOLIC-VELENJE;0;11.550;621;P;;;6.800;25;5.665;85;499;244;102;180;334
G1;4;1261;VELENJE-CRNOVA;0;7.350;132;O;;CRNOVA;11.000;104;9.605;99;484;373;103;232;335
G1;4;1262;CRNOVA-ARJA VAS;0;7.020;133;O;QLD6;VEL. PIRESICA;10.606;30;8.956;86;546;388;272;328;336
G1;4;1448;ARJA VAS-ZALEC;0;1.820;70;O;;ZALEC;4.000;13;3.402;48;237;184;58;58;337
G1;5;1469;ARJA VAS;0;2.490;130;O;;ARJA VAS 2;4.500;21;4.042;34;178;160;39;26;338
G1;5;0286;ARJA VAS- CELJE;0;6.560;69;O;;ARJA VAS 1;16.000;57;14.338;227;701;458;89;130;339
G1;5;0328;CELJE-CE(POLULE);0;2.000;90;P;;;16.000;44;14.226;73;676;363;177;441;340
G1;5;0328;CE(POLULE)-SMARJETA;2.000;17.325;90;O;QLD6;KOSNICA;12.258;34;10.898;56;518;278;136;338;340
G1;5;0329;SMARJETA-RIMSKE TOPLICE;0;1.050;91;O;QLD6;RIMSKE TOPLICE;5.977;20;5.161;42;290;162;102;200;341
G1;5;0330;RIM.TOPLICE-ZIDANI MOST;0;6.750;91;P;;;5.500;18;4.749;39;267;149;94;184;342
G1;5;0331;ZIDANI MOST-RADECE;0;2.815;92;O;;RADECE;5.300;3;4.474;29;395;254;36;109;343
G1;5;0360;RADECE;0;520;92;P;;;5.300;3;4.474;29;395;254;36;109;344
G1;5;0332;RADECE-BOSTANJ;0;11.270;92;P;;;5.000;3;4.219;28;373;240;34;103;345
G1;5;0333;BOSTANJ;0;790;92;P;;;4.600;13;3.909;19;274;174;100;111;346
G1;5;0334;BOSTANJ-IMPOLJCA;0;4.490;630;O;QLD6;LOG PRI SEVNICI;4.244;12;3.607;18;253;160;92;102;347
G1;5;0335;IMPOLJCA-BRESTANICA;0;9.790;630;P;;;4.500;13;3.824;19;268;170;98;108;348
G1;5;0361;BRESTANICA-KRSKO;0;3.900;630;P;;;5.300;15;4.504;22;316;200;115;128;349
G1;5;0336;KRSKO-DRNOVO;0;4.630;95;O;QLD6;ZADOVINEK;9.370;34;8.149;42;441;284;132;288;350
G1;5;0337;DRNOVO;0;540;95;P;;;9.400;35;8.172;43;443;285;133;289;351
G1;6;0338;POSTOJNA-PIVKA;0;10.260;82;O;QLD6;PRESTRANEK;9.599;32;8.464;82;441;190;114;276;352
G1;6;0339;PIVKA-RIBNICA;0;9.945;615;O;QLD6;RIBNICA;3.691;40;3.129;40;176;75;46;185;353
G1;6;0340;RIBNICA-PREM;0;4.215;615;P;;;4.000;43;3.393;43;191;80;50;200;354
G1;6;0341;PREM-IL.BISTRICA;0;6.210;615;P;;;4.000;43;3.393;43;191;80;50;200;355
G1;6;0342;IL.BISTRICA;0;1.160;83;P;;;5.500;25;4.971;56;192;79;29;148;356
G1;6;0363;IL.BISTRICA;0;1.470;83;P;;;10.500;28;9.906;64;216;88;32;166;357
G1;6;0343;IL.BISTRICA-JELSANE;0;8.500;83;O;QLD6;KOSEZE;6.185;28;5.591;64;216;88;32;166;358
G1;6;0343;JELSANE - MP JELSANE;8.500;10.000;504;O;QLD3;M.P. JELSANE;4.363;38;4.109;34;51;21;12;98;358
G1;7;0356;MP STAROD-PODGRAD;0;6.500;503;O;QLD3;M.P. STAROD;4.193;59;3.855;22;56;50;11;140;359
G1;7;0355;PODGRAD-OBROV;0;5.900;503;P;;;4.200;59;3.861;22;56;51;11;140;360
G1;7;0354;OBROV-KOZINA;0;14.630;604;O;QLD6;GRADISCE;6.394;56;5.430;66;344;106;42;350;361
G1;7;0353;KOZINA-MP KRVAVI POTOK;0;3.405;652;O;QLD3;M.P. KRVAVI POTOK;5.000;18;4.704;42;130;64;15;27;362
G1;8;0207;VRBA-LESCE;0;1.407;646;P;;;19.000;93;16.073;160;1.194;696;191;593;363
G1;8;0208;LESCE-CRNIVEC;0;6.400;632;O;QLD6;RADOVLJICA;24.114;88;21.435;295;1.215;399;186;496;365
G1;8;0213;LJ(SENTVID - OBVOZNICA);0;2.900;725;O;;LJ - DRAVLJE;59.000;80;53.820;800;2.200;700;500;900;367
G1;9;0352;HAJDINA-JUROVCI;0;6.040;682;P;;;7.977;22;6.865;136;426;85;56;387;368
G1;9;0362;JUROVCI;0;1.000;682;P;;;7.300;20;6.283;124;390;78;52;353;370
G1;9;0351;JUROVCI-PODLEHNIK;0;4.200;682;O;QLD6;JUROVCI;9.369;26;8.062;160;501;100;66;454;372
G1;9;0351;PODLEHNIK - MP GRUSKOVJE;4.200;10.920;518;O;QLD3;M.P. GRUSKOVJE;6.514;45;5.792;49;141;45;64;378;372
G1;10;1449;LOCICA;0;1.047;839;P;;;21.000;36;17.658;115;743;668;148;1.632;373
G1;10;0291;LOCICA-TROJANE;0;7.510;71;O;;TROJANE 1;17.571;127;13.100;224;1.251;898;215;1.756;374
G1;10;0292;TROJANE-ZELODNIK;0;20.610;72;O;QLD6;TROJANE 2;17.448;48;12.973;190;1.199;700;588;1.750;375
G1;10;0293;ZELODNIK-DOMZALE;0;4.285;610;O;QLD6;ZELODNIK;21.248;47;17.191;206;1.300;667;470;1.367;376
G1;10;0294;DOMZALE-TRZIN;0;2.603;610;P;;;25.000;55;20.226;243;1.530;785;554;1.607;378
G1;10;0295;TRZIN-LJ(CRNUCE);0;3.687;73;O;QLD6;TRZIN;41.390;104;35.940;268;2.270;804;644;1.360;379
G1;10;0087;LJ(CRNUCE - BRNCICEVA);0;1.000;172;O;QLD6;SEV. VPADNICA;42.416;80;37.076;144;2.330;814;600;1.372;380
G1;10;0087;LJ(BRNCICEVA - TOMACEVO);1.000;2.970;172;P;;;45.000;86;39.334;154;2.470;862;638;1.456;380
G1;10;1499;KLANEC-KASTELEC;0;5.190;614;O;QLD6;PETRINJE;15.190;105;12.793;114;978;307;191;702;384
G1;10;0312;KASTELEC-RIZANA;0;6.230;614;P;;;15.300;107;12.884;115;985;309;192;708;386
G1;10;0313;RIZANA-KRIZ.DEKANI;0;5.900;79;O;;DEKANI;21.000;173;18.360;152;603;643;367;702;388
G1;11;0235;MP SKOFIJE-SKOFIJE;0;1.000;651;O;QLD3;M.P. SKOFIJE;10.642;135;10.243;36;78;33;24;93;390
G1;11;0235;SKOFIJE-KRIZ. DEKANI;1.000;3.545;651;P;;;12.000;153;11.550;40;88;37;27;105;390
G1;11;1062;KOPER-SMARJE;0;6.000;149;O;QLD6;KOPER;12.713;88;11.727;46;558;176;44;74;391
G1;11;1062;SMARJE-DRAGONJA;6.000;13.650;150;O;;SMARJE;11.086;209;10.162;30;501;60;56;68;391
G1;11;1062;DRAGONJA-MP DRAGONJA;13.650;14.530;14;O;QLD3;M.P. DRAGONJA ;5.850;38;5.721;9;39;12;6;25;391
G1;11;1475;SLAVCEK- KOPER;0;700;11;P;;;20.000;85;18.171;101;949;250;168;276;391.5
G1;11;1475;KOPER-LUKA KOPER;700;2.275;11;P;;;3.000;0;0;0;1.734;456;306;504;391.5
G1;12;0344;RAZDRTO;0;50;819;O;QLD6;C.P. NANOS;4.853;10;3.174;48;367;178;112;964;392
G1;12;0344;RAZDRTO-MANCE;50;11.756;644;O;QLD6;PODGRIC;5.922;22;3.806;46;390;310;266;1.082;392
G1;12;0345;MANCE-VIPAVA;0;1.375;635;P;;;6.600;18;4.849;17;446;482;134;654;393
G2;101;0232;MP LJUBELJ-BISTRICA(TRZIC);0;12.500;660;O;QLD3;M.P. LJUBELJ;1.963;49;1.863;25;21;5;0;0;420
G2;101;0231;BISTRICA(TRZIC)-ZVIRCE;0;3.280;3;O;QLD3;KOVOR;7.384;59;7.218;13;58;25;5;6;423
G2;101;0230;ZVIRCE-PODTABOR;0;2.700;3;P;;;6.900;55;6.744;13;54;24;5;5;425
G2;102;1031;MP ROBIC-STARO SELO;0;5.630;655;O;QLD3;M.P. ROBIC;789;0;780;3;3;3;0;0;426
G2;102;1030;STARO SELO-KOBARID;0;3.320;212;O;;KOBARID;2.400;25;2.205;13;71;43;36;7;427
G2;102;1005;KOBARID-IDRSKO;0;2.200;679;O;QLD6;IDRSKO;3.874;64;3.452;22;172;92;40;32;428
G2;102;1006;IDRSKO-PRSETI;0;11.670;97;O;;IDRSKO;4.000;12;3.515;66;193;91;37;86;429
G2;102;1040;PERSETI-MOST NA SOCI;0;7.600;404;O;;TOLMIN;5.000;31;4.451;50;210;124;103;31;430
G2;102;1039;MOST NA SOCI-BACA;0;2.130;404;P;;;3.500;22;3.114;35;147;87;73;22;431
G2;102;1038;BACA-DOL. TREBUSA;0;8.500;104;O;;IDRIJA PRI BACI;2.200;8;1.866;35;128;90;38;35;432
G2;102;1037;DOL TREBUSA-ZELIN;0;13.300;440;O;;ZELIN 2;1.900;10;1.597;29;102;49;71;42;433
G2;102;1036;ZELIN-SPODNJA IDRIJA(MAROF);0;11.300;447;O;;ZELIN 3;2.400;9;2.087;43;121;38;56;46;434
G2;102;1035;SPODNJA IDRIJA;0;1.900;617;P;;;2.800;21;2.447;32;151;80;26;43;435
G2;102;1034;SP. IDRIJA-GODOVIC;0;13.460;617;O;QLD6;IDRIJA;3.853;28;3.374;43;206;109;35;58;436
G2;102;1033;GODOVIC-KALCE;0;11.233;100;O;;HOTEDRSICA;3.500;24;2.929;46;189;167;26;119;437
G2;102;1460;KALCE-LOGATEC;0;3.490;74;O;;KALCE;7.000;84;6.028;95;315;274;52;152;438
G2;102;1461;LOGATEC;0;1.672;74;P;;;4.470;55;3.873;31;203;176;34;98;439
G2;103;1007;PERSETI-USNIK;0;4.080;616;P;;;3.350;36;2.755;24;193;174;100;68;440
G2;103;1008;USNIK-PLAVE;0;20.230;616;O;QLD6;DOBLAR;3.351;36;2.756;24;193;174;100;68;441
G2;103;1009;PLAVE-SOLKAN;0;10.070;99;O;QLD6;SOLKAN;6.624;46;5.892;32;236;166;100;152;442
G2;103;1010;SOLKAN-NG(KROMBERSKA C.);0;2.500;99;P;;;15.000;104;13.343;73;534;376;226;344;443
G2;103;1010;NG(KROMBERSKA C.)-NOVA GORICA;2.500;5.192;209;P;;;23.000;56;20.930;72;950;486;203;303;443
G2;103;1447;NG(R. DOLINA) - SEMPETER;0;2.315;209;P;;;8.000;19;7.280;25;331;169;71;105;446
G2;104;1136;KRANJ-LETALISCE BRNIK;0;6.000;113;O;;BRNIK-LETALISCE;13.000;38;11.669;76;658;318;117;124;447
G2;104;1136;LETALISCE BRNIK-SP.BRNIK;6.000;8.330;627;O;QLD6;BRNIK;12.980;46;11.407;88;773;334;164;168;447
G2;104;1137;SP.BRNIK-MOSTE;0;6.245;627;P;;;9.000;32;7.909;61;536;232;114;116;448
G2;104;1138;MOSTE-MENGES;0;3.900;627;P;;;8.000;29;7.029;55;476;206;101;104;449
G2;104;1139;MENGES-TRZIN;0;4.158;116;O;QLD6;MENGESKA LOKA;16.946;32;15.169;60;907;386;212;180;450
G2;105;0252;KARTELJEVO-NM(BRSLJIN);0;3.025;63;O;;BUCNA VAS;6.700;42;5.875;62;411;170;56;84;451
G2;105;1601;RONDO NOVO MESTO (BUCNA VAS);0;108;63;P;;;6.700;42;5.875;62;411;170;56;84;451.2
G2;105;0399;NOVO MESTO (BUCNA VAS-KRKA);0;0;63;P;;;6.700;42;5.875;62;411;170;56;84;451.3
G2;105;0255;NOVO MESTO(KRKA-REVOZ);0;1.805;63;P;;;13.000;82;11.399;120;797;329;110;163;453
G2;105;0256;NOVO MESTO(REVOZ)-METLIKA;0;26.555;607;O;QLD6;GORJANCI;3.483;16;2.955;28;187;155;62;80;454
G2;105;0258;METLIKA-MP METLIKA;0;1.480;155;O;QLD3;M.P. METLIKA;2.657;1;2.592;5;29;11;2;17;455
G2;105;0259;MACKOVEC-NM(KRKA);0;1.710;159;O;;MACKOVEC;17.500;93;15.197;206;811;429;282;482;456
G2;106;0215;LJ(RUDNIK)-SKOFLJICA;0;4.555;6;O;;SKOFLJICA;15.000;55;13.417;190;618;340;199;181;457
G2;106;0260;SKOFLJICA;0;520;117;P;;;9.000;33;8.027;89;417;196;104;134;458
G2;106;0261;SKOFLJICA-RASICA;0;16.450;117;O;QLD6;ZELIMLJE;7.087;26;6.321;70;328;154;82;106;459
G2;106;0262;RASICA-ZLEBIC;0;12.550;410;O;;ZLEBIC 2;5.400;25;4.844;91;192;149;26;73;460
G2;106;0263;ZLEBIC-BREG;0;2.300;410;P;;;5.500;25;4.934;93;196;152;26;74;461
G2;106;0263;BREG-HROVACA;2.300;4.500;410;P;;;8.000;37;7.177;135;284;221;38;108;461
G2;106;0263;HROVACA-DOLENJA VAS;4.500;9.490;410;P;;;5.260;24;4.719;89;187;145;25;71;461
G2;106;0263;DOLENJA VAS-KOCEVJE;9.490;19.050;619;O;QLD6;STARA CERKEV;5.258;32;4.694;54;226;116;48;88;461
G2;106;0264;KOCEVJE-LIVOLD;0;6.142;119;P;;;2.700;68;2.398;28;91;38;57;20;462
G2;106;0265;LIVOLD-STALCERJI;0;6.200;119;O;;STALCERJI;2.300;58;2.044;24;77;32;48;17;463
G2;106;0265;STALCERJI-FARA;6.200;21.580;507;P;;;1.000;5;989;3;3;0;0;0;463
G2;106;0266;FARA-MP PETRINA;0;2.560;507;O;QLD3;M.P. PETRINA;781;4;773;2;2;0;0;0;464
G2;106;0216;SKOFLJICA-SMARJE SAP;0;3.000;6;P;;;3.500;13;3.131;44;144;79;47;42;465
G2;107;1274;CE(VZHODNA M.)-SENTJUR;0;10.980;134;O;QLD6;SENTJUR;10.600;14;9.725;96;377;166;90;132;466
G2;107;1275;SENTJUR-MESTINJE;0;14.410;622;O;QLD6;STOPCE;7.981;44;7.186;59;329;150;69;144;467
G2;107;1238;MESTINJE-PODPLAT;0;2.060;622;P;;;6.900;39;6.212;52;284;130;59;124;468
G2;107;1276;PODPLAT-ROG. SLATINA;0;2.450;136;O;;ROGASKA SLATINA;8.000;36;7.168;61;279;237;71;148;469
G2;107;1276;ROG. SLATINA - ROGATEC;2.450;12.500;136;P;;;3.300;15;2.955;25;116;98;30;61;469
G2;107;1277;ROGATEC;0;2.000;337;P;;;2.300;0;1.914;54;114;32;0;186;470
G2;107;1277;ROGATEC-MP DOBOVEC;2.000;7.865;337;O;QLD3;M.P. DOBOVEC;1.109;0;924;26;55;15;0;89;470
G2;108;1180;CRNUCE-SENTJAKOB;0;3.580;120;O;QLD3;SENTJAKOB;8.946;25;8.417;25;237;155;47;40;471
G2;108;1181;SENTJAKOB-DOLSKO;0;7.000;120;P;;;13.000;37;12.230;36;344;225;69;59;472
G2;108;1181;DOLSKO-RIBCE;7.000;14.870;121;O;;DOLSKO;11.353;30;10.354;49;456;257;99;108;472
G2;108;1182;RIBCE-LITIJA;0;13.474;678;O;QLD6;ZGORNJI LOG;7.809;26;7.013;28;354;225;98;65;473
G2;108;1183;LITIJA-ZAGORJE;0;14.981;620;O;QLD6;RENKE;5.439;16;4.759;16;292;213;78;65;474
G2;108;1184;ZAGORJE-TRBOVLJE;0;4.316;122;O;;ZAGORJE 1;7.600;23;6.899;14;256;193;116;99;475
G2;108;1185;TRBOVLJE-HRASTNIK;0;5.162;123;O;;TRBOVLJE 1;5.800;11;5.106;57;239;170;89;128;476
G2;108;1186;HRASTNIK-ZIDANI MOST;0;8.520;124;O;;ZIDANI MOST;1.600;9;1.472;1;87;30;1;0;477
G2;109;0357;MP PETISOVCI-PETISOVCI;0;1.000;143;O;QLD3;M.P. PETISOVCI;2.074;6;1.989;11;25;6;10;27;478
G2;109;0357;PETISOVCI-LENDAVA;1.000;4.300;89;O;;LENDAVA 2;2.700;9;2.320;19;91;54;60;147;478
G2;110;0327;G.RADGONA-MP G.RADGONA;0;970;665;O;QLD3;M.P.  GOR. RADGONA;3.016;3;2.804;10;60;16;1;122;479
G2;111;0238;KOPER-RUDA(IZOLA);0;5.435;626;O;QLD6;IZOLA;27.248;115;25.101;114;1.003;655;150;110;480
G2;111;0373;RUDA(IZOLA)-VALETA;0;8.255;13;O;QLD6;IZOLA - OBVOZNICA;15.942;76;14.916;80;578;156;72;64;483
G2;111;0239;VALETA-SECOVLJE;0;7.000;12;O;;SECOVLJE;7.500;88;6.971;77;175;137;10;42;484
G2;111;0239; SECOVLJE-MP SECOVLJE;7.000;7.280;500;O;QLD3;M.P. SECOVLJE;5.425;60;5.320;17;16;5;2;5;484
R1;201;0201;MP KORENSKO SEDLO-PODKOREN;0;3.650;659;O;QLD3;M.P. KOR. SEDLO;1.901;15;1.872;3;10;1;0;0;500
R1;201;0202;PODKOREN-KR.GORA;0;2.550;659;P;;;4.500;35;4.432;7;24;2;0;0;501
R1;201;0203;KR.GORA-MOJSTRANA-DOVJE;0;12.100;631;O;QLD3;GOZD MARTULJEK;5.713;36;5.305;126;121;97;14;14;502
R1;201;0204;DOVJE-MOJSTRANA-KRAJE;0;2.420;631;P;;;6.000;38;5.571;132;127;102;15;15;503
R1;201;0205;KRAJE-HRUSICA;0;4.030;631;P;;;6.000;38;5.571;132;127;102;15;15;504
R1;202;0234;MP RATECE-RATECE;0;1.380;658;O;QLD3;M.P.RATECE;2.356;13;2.328;15;0;0;0;0;505
R1;202;0233;RATECE-PODKOREN;0;3.050;658;P;;;2.500;14;2.457;15;12;1;0;1;506
R1;203;1002;MP PREDEL-BOVEC;0;15.200;657;O;;M.P. PREDEL;150;4;146;0;0;0;0;0;507
R1;203;1003;BOVEC(PO OBVOZNICI)-ZAGA;0;9.820;96;P;;;2.000;65;1.648;34;149;57;32;15;508
R1;203;1004;ZAGA-KOBARID;0;13.500;96;O;;ZAGA;2.000;65;1.648;34;149;57;32;15;509
R1;204;1012;SEMPETER-DORNBERK;0;8.343;203;O;;DOMBRAVA;6.000;44;5.503;38;211;129;44;31;510
R1;204;1013;DORNBERK-STANJEL;0;13.185;204;O;QLD6;BRANIK;2.836;26;2.557;14;144;53;18;24;511
R1;204;1014;STANJEL-DUTOVLJE;0;7.820;205;P;;;3.000;42;2.673;22;120;35;45;63;512
R1;204;1015;DUTOVLJE-SEZANA;0;7.890;205;O;;DUTOVLJE;3.200;44;2.853;24;128;37;47;67;513
R1;205;1026;DIVACA-LOKEV-LIPICA;0;8.710;418;O;SBH;M.P. LIPICA;3.394;25;3.345;1;21;2;0;0;514
R1;206;1027;KR.GORA-VRSIC;0;12.570;211;P;;;800;40;738;6;6;6;4;0;515
R1;206;1028;VRSIC-TRENTA;0;8.960;211;P;;;350;18;321;3;3;3;2;0;516
R1;206;1029;TRENTA-BOVEC;0;22.600;211;O;SBH;TRENTA;388;19;358;3;3;3;2;0;517
R1;207;1057;GODOVIC-CRNI VRH;0;7.030;105;O;;CRNI VRH;2.000;8;1.692;19;105;108;14;54;518
R1;207;1058;CRNI VRH-COL;0;9.602;105;P;;;2.300;9;1.946;22;121;124;16;62;519
R1;207;1413;COL-AJDOVSCINA;0;8.696;427;O;QLD3;AJDOVSCINA;3.178;19;2.913;22;88;73;19;44;520
R1;208;1059;AVER-GRACISCE;0;8.750;2;O;QLD6;KUBED;2.755;10;2.497;20;136;40;12;40;521
R1;208;1060;GRACISCE-SOCERGA;0;5.000;151;O;;GRACISCE;2.929;32;2.686;54;106;22;8;21;522
R1;208;1060;SOCERGA - MP  SOCERGA;5.000;8.600;502;O;QLD3;M.P. SOCERGA;2.494;9;2.442;18;6;19;0;0;522
R1;208;1149;RIZANA-MOSTICJE;0;1.950;151;P;;;1.200;13;1.100;22;44;9;3;9;523
R1;209;1088;LESCE-BLED;0;3.545;109;O;QLD3;BLED;18.332;134;17.751;101;179;122;33;12;524
R1;209;1089;BLED-PRISTAVA;0;2.200;109;P;;;9.500;69;9.201;52;93;63;16;6;525
R1;209;1089;PRISTAVA-SOTESKA;2.200;10.530;110;O;QLD3;BOHINJSKA BELA;3.289;32;3.136;16;52;38;10;5;525
R1;209;1090;SOTESKA-BITNJE;0;8.510;110;P;;;3.300;32;3.147;16;52;38;10;5;526
R1;209;1091;BITNJE-BOH.BISTRICA;0;1.340;110;P;;;3.300;32;3.147;16;52;38;10;5;527
R1;209;1092;BOH.BISTRICA-JEZERO;0;6.200;255;O;;BOHINJ;1.600;9;1.388;65;53;23;62;0;528
R1;210;1105;MP ZG.JEZERSKO-SP.JEZERSKO;0;10.500;661;O;SBH;M.P. JEZERSKO;258;8;231;2;8;9;0;0;529
R1;210;1106;SP. JEZERSKO-PREDDVOR;0;15.800;242;O;;KOKRA;1.340;64;1.197;20;34;16;5;4;530
R1;210;1107;PREDDVOR-KR(PRIMSKOVO);0;8.575;249;O;QLD3;VISOKO;5.638;23;5.422;24;97;50;12;10;531
R1;210;1108;KR(PRIMSKOVO-LABORE);0;2.600;244;O;;KRANJ 2;12.000;103;10.918;40;402;410;65;62;532
R1;210;1109;KRANJ-SKOFJA LOKA;0;7.770;111;O;;SVETI  DUH;12.500;102;11.374;87;455;320;72;90;533
R1;210;1077;SKOFJA LOKA;0;930;111;P;;;20.000;162;18.197;140;729;512;115;145;534
R1;210;1110;SK.LOKA-GORENJA VAS;0;16.170;112;O;QLD6;ZMINEC;6.338;30;5.772;44;256;140;66;30;535
R1;210;1111;GORENJA VAS-TREBIJA;0;4.980;408;O;;TREBIJA 1;4.000;40;3.535;70;186;63;83;23;536
R1;210;1112;TREBIJA-SOVODENJ;0;5.880;409;O;QLD3;TREBIJA 2;1.198;25;1.118;7;20;7;17;4;537
R1;210;1113;SOVODENJ-CERKNO;0;11.981;409;P;;;900;19;840;5;15;5;13;3;538
R1;210;1114;CERKNO-ZELIN;0;4.200;102;O;;ZELIN;2.200;13;1.903;65;86;44;62;27;539
R1;210;1078;SKOFJA LOKA-JEPRCA;0;6.170;106;O;QLD6;GODESIC;11.873;26;10.608;82;565;258;142;192;540
R1;211;0211;KR(LABORE)-JEPRCA;0;8.150;625;O;QLD6;MEJA PRI KRANJU;11.959;41;10.653;189;594;291;67;124;542
R1;211;0212;JEPRCA-MEDVODE;0;3.650;52;O;;MEDVODE;20.000;185;17.775;320;768;577;71;304;544
R1;211;0212;MEDVODE-STANEZICE;3.650;8.000;643;O;QLD6;MEDNO;26.010;59;23.425;271;1.199;475;240;341;544
R1;211;0212;STANEZICE -LJ( SENTVID);8.000;8.675;643;P;;;27.000;61;24.316;281;1.245;493;250;354;544
R1;212;1115;UNEC;0;610;245;P;;;6.700;14;5.983;49;296;145;83;130;545
R1;212;1116;UNEC-RAKEK;0;2.160;245;P;;;7.000;15;6.251;51;309;152;87;135;546
R1;212;1117;RAKEK-CERKNICA;0;3.980;245;O;QLD6;RAKEK;6.621;14;5.913;48;292;144;82;128;547
R1;212;1118;CERKNICA-BL.POLICA;0;10.965;246;O;QLD3;GRAHOVO;3.988;34;3.601;31;136;110;22;54;548
R1;212;1119;BL.POLICA-SODRAZICA;0;17.315;247;O;QLD3;NOVA VAS;2.236;22;2.061;13;57;50;8;25;549
R1;212;1120;SODRAZICA-ZLEBIC;0;5.770;248;O;;ZLEBIC 1;2.400;12;1.992;33;138;151;12;62;550
R1;213;1365;BLOSKA POLICA-PUDOB;0;8.200;386;O;;STARI TRG;2.400;8;2.176;47;81;49;4;35;551
R1;213;1366;PUDOB-BABNO POLJE;0;10.460;384;O;SBH;BABNO POLJE;558;6;510;27;8;4;0;3;552
R1;214;1156;KOCEVJE-STARI LOG;0;11.975;268;P;;;1.100;15;1.002;3;33;21;12;14;553
R1;214;1157;STARI LOG-DVOR;0;14.750;268;O;QLD3;SMUKA;1.000;14;910;3;30;19;11;13;554
R1;215;1456;TREBNJE;0;1.450;270;P;;;11.000;26;9.814;63;559;243;142;153;555
R1;215;1162;TREBNJE-MOKRONOG;0;14.200;270;O;QLD6;BISTRICA;4.169;10;3.719;24;212;92;54;58;556
R1;215;1163;MOKRONOG-BOSTANJ;0;18.630;448;O;;TRZISCE;2.026;11;1.649;14;201;93;26;32;557
R1;216;1367;IVANCNA GORICA-KRKA;0;6.850;387;O;;IVANCNA GORICA 2;4.200;21;3.829;48;153;87;29;33;558
R1;216;1175;KRKA-ZUZEMBERK;0;13.550;277;O;QLD6;ZAGRADEC;2.823;12;2.547;16;106;62;32;48;559
R1;216;1158;ZUZEMBERK-DVOR;0;4.270;278;O;;ZUZEMBERK 2;3.400;35;2.986;56;195;73;23;32;560
R1;216;1176;DVOR-SOTESKA;0;5.550;163;O;;DVOR;4.000;61;3.399;55;274;114;22;75;561
R1;216;1177;SOTESKA-CRMOSNJICE;0;14.355;279;O;QLD3;PODTURN;2.660;5;2.476;30;47;51;13;38;562
R1;216;1178;CRMOSNJICE-RUCETNA VAS;0;9.600;279;P;;;2.700;5;2.512;31;48;51;14;39;563
R1;216;1178;RUCETNA VAS-CRNOMELJ;9.600;15.210;280;O;;LOKVE;4.000;25;3.548;36;161;133;30;67;563
R1;217;1208;LIVOLD-BREZOVICA;0;16.230;466;O;;MOZELJ;950;8;740;5;57;42;72;26;564
R1;217;1209;BREZOVICA-DOBLICE;0;17.000;299;O;;BREZOVICA;50;0;41;2;3;2;1;1;565
R1;217;1209;DOBLICE-KANIZARICA;17.000;19.930;300;O;;DOBLICE;350;0;299;10;13;17;2;9;565
R1;218;1211;METLIKA-PODZEMELJ;0;5.570;450;O;;PODZEMELJ 3;3.700;41;3.317;48;155;79;21;39;566
R1;218;1212;PODZEMELJ-CRNOMELJ;0;8.950;302;O;QLD6;PODZEMELJ 1;3.393;14;3.111;18;110;68;36;36;567
R1;218;1152;CRNOMELJ;0;730;302;P;;;10.000;41;9.170;53;324;200;106;106;568
R1;218;1213;CRNOMELJ-KANIZARICA;0;2.215;303;P;;;5.000;19;4.684;54;67;117;45;14;569
R1;218;1214;KANIZARICA-VINICA;0;15.535;303;O;QLD3;DRAGATUS;2.117;8;1.984;23;28;49;19;6;570
R1;218;1153;VINICA;0;160;154;P;;;1.700;3;1.609;47;22;19;0;0;571
R1;218;1215;VINICA-MOST CEZ KOLPO;0;850;154;O;SBH;M.P. VINICA;563;1;533;16;7;6;0;0;572
R1;219;1236;SL.BISTRICA-POLJCANE;0;8.600;125;O;;POLJCANE;5.500;38;4.660;51;259;223;158;111;573
R1;219;1410;POLJCANE;0;700;125;P;;;6.000;42;5.083;56;282;243;172;122;574
R1;219;1237;POLJCANE-PODPLAT;0;9.370;126;O;QLD6;PODPLAT;3.666;12;3.170;16;178;122;80;88;575
R1;219;1239;MESTINJE-GOLOBINJEK;0;14.900;128;O;QLD6;PODCETRTEK;4.729;14;4.231;28;200;120;64;72;576
R1;219;1240;GOLOBINJEK-BISTRICA;0;9.100;412;O;;BISTRICA 2;2.700;6;2.333;33;171;64;8;85;577
R1;219;1421;BISTRICA OB SOTLI;0;720;412;P;;;3.500;8;3.022;43;222;84;11;110;578
R1;219;1241;BISTRICA-BIZELJSKO;0;6.805;413;O;QLD6;BIZELJSKO;1.450;12;1.226;8;72;58;26;48;579
R1;219;1242;BIZELJSKO-BREZICE;0;16.000;129;O;QLD6;BUKOSEK;2.757;4;2.568;6;105;40;20;14;580
R1;219;1242;BREZICE-CATEZ;16.000;17.570;129;P;;;11.000;16;10.246;24;419;159;80;56;580
R1;220;1334;KRSKO-BREZICE;0;12.880;367;O;QLD3;DOLENJA VAS;5.614;12;5.355;35;99;62;28;23;581
R1;221;1227;TROJANE-IZLAKE;0;7.277;314;O;;TROJANE 2;2.300;11;1.966;12;114;89;45;63;582
R1;221;1218;IZLAKE-ZAGORJE;0;6.300;306;O;QLD6;KISOVEC;6.416;18;5.764;82;244;152;64;92;583
R1;221;1219;ZAGORJE-BEVSKO;0;5.450;307;O;;BEVSKO;3.000;17;2.744;92;102;35;8;2;584
R1;221;1220;BEVSKO-TRBOVLJE;0;3.000;127;P;;;10.000;37;9.122;76;286;187;94;198;585
R1;221;1221;TRBOVLJE-HRASTNIK;0;9.100;309;O;;HRASTNIK;260;7;231;0;11;10;1;0;586
R1;221;1222;HRASTNIK-SMARJETA;0;9.650;310;O;QLD6;MARNO;4.326;14;3.753;44;191;146;58;120;587
R1;222;1228;ZAGORJE-MOST CEZ SAVO;0;1.950;127;P;;;5.600;21;5.109;43;160;105;52;110;588
R1;223;1229;BEVSKO-MOST CEZ SAVO;0;1.220;127;O;;TRBOVLJE 2;8.000;29;7.298;61;229;150;75;158;589
R1;224;1230;HRASTNIK-MOST CEZ SAVO;0;1.500;123;P;;;6.000;12;5.280;59;248;176;92;133;590
R1;225;1140;MENGES-DUPLICA;0;3.805;259;O;;DUPLICA;11.700;74;10.666;234;313;185;136;92;591
R1;225;1359;DUPLICA-KAMNIK;0;3.735;382;P;;;12.000;21;11.621;42;150;91;54;21;592
R1;225;1424;KAMNIK-MEKINJE;0;700;382;P;;;7.000;12;6.779;25;87;53;31;13;593
R1;225;1083;KAMNIK(MEKINJE)-SP.  STRANJE;0;2.000;231;O;;STRANJE;5.500;66;4.892;47;161;103;145;86;594
R1;225;1083;SPODNJE STRANJE-STAHOVICA;2.000;4.270;231;P;;;4.000;48;3.558;34;117;75;105;63;594
R1;225;1084;STAHOVICA-CRNIVEC;0;10.615;233;O;;CRNA;2.300;27;2.054;35;60;76;34;14;595
R1;225;1085;CRNIVEC-GORNJI GRAD;0;12.200;237;O;QLD3;GORNJI GRAD;1.871;61;1.661;23;52;40;17;17;596
R1;225;1085;GORNJI GRAD-RADMIRJE;12.200;17.850;234;O;;RADMIRJE 2;2.500;36;2.296;34;41;71;15;7;596
R1;225;1248;RADMIRJE-MOZIRJE;0;8.731;232;O;;RADMIRJE 1;3.800;53;3.470;37;40;123;52;25;597
R1;225;1248;MOZIRJE;8.731;11.331;139;O;;MOZIRJE;5.500;19;4.977;51;161;147;65;80;597
R1;225;1247;MOZIRJE-SOTESKA;0;2.455;138;P;;;3.900;26;3.387;28;176;120;69;94;598
R1;225;1246;SOTESKA-LETUS;0;3.340;138;P;;;3.500;24;3.039;25;158;108;62;84;599
R1;225;1246;LETUS-SENTRUPERT;3.340;12.200;138;O;QLD6;LETUS;5.642;38;4.899;40;255;174;100;136;599
R1;226;1254;MP HOLMEC-POLJANA;0;3.930;662;O;QLD3;M.P. HOLMEC;1.476;7;1.409;2;20;11;2;25;600
R1;226;1255;POLJANA-PREVALJE;0;2.000;432;O;QLD6;PREVALJE;7.523;18;6.872;76;241;148;64;104;601
R1;226;1255;PREVALJE-RAVNE;2.000;7.965;432;P;;;12.000;29;10.960;122;385;236;102;166;601
R1;226;1256;RAVNE-DRAVOGRAD;0;7.080;160;O;QLD6;RAVNE;6.630;20;5.788;92;308;172;104;146;602
R1;227;1264;RAVNE-KOTLJE;0;3.600;319;O;QLD3;BRDINJE;6.077;32;5.889;8;105;29;13;1;603
R1;227;1423;KOTLJE-SLOVENJ GRADEC;0;11.154;322;O;;KOTLJE;4.600;23;4.250;17;218;61;28;3;604
R1;228;1291;SPUHLJA-BORL;0;8.500;341;O;;SPUHLJA;7.500;8;6.822;83;199;111;74;203;605
R1;228;1291;BORL-MP ZAVRC;8.500;13.900;340;O;QLD3;M.P. ZAVRC;1.884;1;1.627;23;62;37;18;116;605
R1;229;1417;PTUJ-ROGOZNICA;0;2.080;62;P;;;12.000;36;9.724;101;669;326;234;910;606
R1;229;1286;ROGOZNICA-SENARSKA;0;17.020;338;O;QLD6;GOCOVA;2.319;10;2.017;18;104;58;52;60;607
R1;229;1287;SENARSKA-LENART;0;4.100;442;O;;GRADISCE 3;3.500;9;3.124;36;147;85;44;55;608
R1;230;1164;RADENCI;0;400;352;P;;;3.700;9;3.342;33;142;72;49;53;609
R1;230;1308;RADENCI-KRIZEVCI;0;12.420;352;O;QLD6;RADENCI;3.177;8;2.868;28;123;62;42;46;610
R1;230;1415;KRIZEVCI;0;700;353;P;;;5.500;26;4.738;46;207;196;130;157;611
R1;230;1309;KRIZEVCI-LJUTOMER;0;7.300;353;O;QLD6;NORSINCI;5.947;28;5.123;50;224;212;140;170;612
R1;230;1310;LJUTOMER-PAVLOVCI;0;13.910;354;O;QLD6;IVANJKOVCI;3.092;16;2.469;26;187;104;88;202;613
R1;230;1311;PAVLOVCI-ORMOZ;0;1.860;354;P;;;4.600;24;3.674;39;277;155;131;300;614
R1;230;1312;ORMOZ;0;1.500;354;P;;;6.000;31;4.791;50;363;202;171;392;614.1
R1;230;0251;ORMOZ-MP ORMOZ;0;760;156;O;QLD3;M.P. ORMOZ;937;0;931;0;3;3;0;0;614.2
R1;231;1325;GIBINA-RAZKRIZJE;0;2.930;431;O;SBH;M.P. GIBINA;551;0;524;6;19;2;0;0;615
R1;231;1323;RAZKRIZJE-STROCJA VAS;0;3.830;360;P;;;2.300;11;1.925;18;100;57;39;150;616
R1;231;1327;STROCJA VAS-LJUTOMER;0;2.500;360;P;;;3.000;15;2.511;24;130;74;50;196;617
R1;232;1314;MP HODOS-HODOS;0;1.500;430;O;SBH;M.P. HODOS;236;0;216;16;2;2;0;0;618
R1;232;1314;HODOS-SALOVCI;1.500;5.000;137;P;;;800;2;723;7;26;21;15;6;618
R1;232;1314;SALOVCI-G. PETROVCI;5.000;10.458;137;P;;;1.500;4;1.359;12;47;39;28;11;618
R1;232;1315;PETROVCI-MACKOVCI;0;6.500;137;P;;;2.800;7;2.537;22;88;74;52;20;619
R1;232;1315;MACKOVCI-MARTJANCI;6.500;17.720;137;O;QLD6;VANECA;3.036;8;2.749;24;97;80;56;22;619
R1;232;1316;MARTJANCI-M.SOBOTA;0;2.350;137;P;;;9.000;24;8.151;71;285;237;166;66;620
R1;232;1470;MURSKA SOBOTA;0;1.000;137;P;;;13.000;34;11.774;103;412;343;240;94;621
R2;401;1020;ZAGA-UCJA;0;7.340;551;O;;M.P. UCJA;200;0;200;0;0;0;0;0;700
R2;402;1426;SOLKAN-GONJACE;0;10.630;219;O;;SABOTIN;3.500;53;3.236;30;103;57;19;2;701
R2;402;1465;GONJACE-DOBROVO;0;4.655;550;P;;;3.200;13;2.942;19;120;61;13;32;702
R2;402;1045;DOBROVO-NEBLO;0;2.700;550;P;;;2.000;8;1.839;12;75;38;8;20;703
R2;402;1045;NEBLO-MP NEBLO;2.700;4.820;550;O;SBH;M.P. NEBLO;1.163;5;1.069;7;44;22;5;11;703
R2;403;1071;BACA-KNEZA;0;6.000;108;O;SBH;BACA;1.168;13;1.046;21;28;36;21;3;704
R2;403;1072;KNEZA-PODBRDO;0;15.950;108;P;;;800;9;717;14;19;25;14;2;705
R2;403;1073;PODBRDO-PETROVO BRDO;0;4.400;108;P;;;150;1;134;3;4;5;3;0;706
R2;403;1074;PETROVO BRDO-PODROST;0;8.100;108;P;;;100;1;90;2;2;3;2;0;707
R2;403;1075;PODROST-ZALI LOG;0;5.000;618;P;;;600;2;563;5;12;11;4;3;708
R2;403;1075;ZALI LOG-CESNJICA;5.000;10.000;618;P;;;1.000;4;940;8;19;18;7;4;708
R2;403;1076;CESNJICA-SKOFJA LOKA;0;15.700;618;O;QLD3;BUKOVICA;4.495;17;4.223;36;87;80;33;19;709
R2;404;1379;PODGRAD-IL.BISTRICA;0;11.000;397;O;;ZARECJE;3.400;12;3.118;22;86;45;13;104;710
R2;404;1380;IL.BISTRICA-PIVKA;0;16.942;398;O;;ZAGORJE;3.400;65;3.083;33;155;44;10;10;711
R2;405;1018;MATAVUN-VREME;0;7.600;207;O;;VREME;1.600;9;1.407;8;57;40;63;16;712
R2;405;1018;VREME-RIBNICA;7.600;17.338;210;O;SBH;GORNJE VREME;1.403;6;1.231;12;56;34;10;54;712
R2;406;1407;KRIZ.DEKANI-ANKARAN;0;6.000;403;O;;ANKARAN;10.000;32;9.487;53;304;105;15;4;713
R2;406;1407;ANKARAN-MP LAZARET;6.000;8.800;650;O;QLD3;M.P. LAZARET;1.543;0;1.543;0;0;0;0;0;713
R2;407;1144;GORENJA VAS-LUCINE;0;9.000;263;O;;TODRAZ;1.000;1;946;18;7;6;22;0;714
R2;407;1144;LUCINE-LJUBLJANICA;9.000;14.180;263;P;;;200;0;190;4;1;1;4;0;714
R2;407;1145;LJUBLJANICA-VRZDENEC;0;3.800;264;P;;;200;1;184;2;8;4;1;0;715
R2;407;1145;VRZDENEC-HORJUL;3.800;6.800;264;P;;;1.000;6;915;8;42;21;6;2;715
R2;407;1145;HORJUL-VRHNIKA;6.800;15.110;264;O;;LIGOJNA;1.500;8;1.373;12;63;32;9;3;715
R2;408;1374;LOGATEC-ZIRI;0;21.460;393;O;SBH;PETKOVEC;1.424;4;1.279;29;40;41;21;10;716
R2;408;1375;ZIRI-TREBIJA;0;7.350;394;O;;TREBIJA 3;2.600;41;2.281;48;123;38;43;26;717
R2;409;0358;LJ(VIC)-AC BREZOVICA;0;2.741;165;O;QLD3;GORJANC;12.382;82;11.945;102;177;58;12;6;718
R2;409;0300;AC BREZOVICA-BREZOVICA;0;1.400;611;P;;;22.000;98;20.100;233;702;456;118;293;719
R2;409;0300;BREZOVICA-VRHNIKA;1.400;13.275;611;O;QLD6;DRENOV GRIC;11.324;51;10.345;120;361;235;61;151;719
R2;409;0301;VRHNIKA-LOGATEC;0;9.525;153;O;;VRHNIKA;6.000;25;5.123;174;325;225;22;106;720
R2;409;0302;LOGATEC;0;900;153;P;;;7.405;32;6.401;123;407;282;28;132;721
R2;409;0303;KALCE-PLANINA;0;8.470;74;P;;;2.200;27;1.894;30;99;86;16;48;722
R2;409;0304;PLANINA-RAVBARKOMANDA;0;7.230;612;O;QLD3;RAVBARKOMANDA;2.880;0;2.592;10;112;102;33;31;723
R2;409;0305;RAVBARKOMANDA-PO(R913);0;3.000;612;P;;;5.500;0;4.946;20;215;195;64;60;724
R2;409;0305;PO(R913)-POSTOJNA;3.000;4.360;612;P;;;12.000;0;10.794;44;468;425;139;130;724
R2;409;0306;POSTOJNA-RAZDRTO;0;10.980;76;O;QLD6;POSTOJNA;6.040;72;5.046;64;288;220;110;240;725
R2;409;0307;RAZDRTO-SENOZECE;0;6.530;22;O;;SENOZECE;3.733;82;3.024;65;165;139;135;123;726
R2;409;0308;SENOZECE-DIVACA;0;8.140;77;O;QLD6;DIVACA;2.657;58;2.014;24;157;122;70;212;727
R2;409;0309;DIVACA-MATAVUN;0;1.940;684;O;QLD6;SKOCJAN;4.969;78;3.920;36;283;324;86;242;728
R2;409;0310;MATAVUN-KOZINA;0;7.275;78;O;;KACICE;4.000;40;3.317;41;177;132;128;165;729
R2;409;0311;KOZINA - KLANEC;0;3.925;78;P;;;4.940;49;4.098;51;218;163;158;203;729.5
R2;410;1133;BISTRICA-TRZIC;0;320;258;P;;;6.000;32;5.568;53;218;101;24;4;730
R2;410;1134;TRZIC-GOLNIK;0;6.500;258;P;;;2.000;11;1.855;18;73;34;8;1;731
R2;410;1134;GOLNIK-KOKRICA;6.500;13.671;258;O;;TENETISE;5.380;29;4.992;48;196;91;21;3;731
R2;410;1135;KOKRICA-KRANJ;0;2.234;258;P;;;7.800;42;7.237;69;284;132;31;5;732
R2;411;1471;KRANJ Z - POLICA;0;733;718;P;;;15.000;103;13.366;165;762;389;79;136;733
R2;411;1428;POLICA-NAKLO(MARINSEK);0;1.900;51;O;;NAKLO - MARINSEK;12.000;60;10.457;166;647;426;171;73;734
R2;411;1428;NAKLO(MARINSEK)-PODTABOR;1.900;7.160;708;O;;PODBREZJE;3.200;16;2.762;38;140;99;92;53;734
R2;411;1429;GOBOVCE-CRNIVEC;0;6.330;707;O;;LJUBNO;1.500;26;1.368;31;53;15;6;1;735
R2;412;1454;POLICA-KR(KIDRICEVA);0;2.035;718;O;;KR - ZLATO POLJE;20.066;137;17.881;221;1.019;520;106;182;736
R2;412;0359;KRANJ(KIDRICEVA - ISKRA);0;1.500;717;O;;KR - SEJEM;17.954;74;16.430;70;754;385;72;169;737
R2;412;0210;KR(ISKRA)-LABORE;0;1.450;716;O;;KR - LABORE;22.833;100;20.037;363;1.238;704;104;287;738
R2;413;4704;MEDVODE-ZBILJE;0;1.215;228;P;;;5.000;61;4.434;46;266;121;28;44;739
R2;413;1079;ZBILJE-VODICE;0;7.300;228;O;;VODICE 1;4.500;55;3.991;41;239;109;25;40;740
R2;413;1080;VODICE-MOSTE;0;4.350;229;O;;VODICE 2;5.300;12;4.730;12;328;131;42;45;741
R2;413;1081;MOSTE-DUPLICA;0;4.120;230;O;;KRIZ;7.300;83;6.661;37;301;172;30;16;742
R2;414;1349;KAMNIK-LOCICA;0;28.520;376;O;QLD6;LAZE V TUHINJU;4.990;18;4.363;32;343;116;50;68;743
R2;415;1216;ZELODNIK-KRTINA;0;1.000;72;P;;;17.000;46;12.641;185;1.169;681;573;1.705;744
R2;415;1216;KRTINA-DRTIJA;1.000;11.080;304;O;QLD3;KRTINA;5.142;31;4.829;34;125;76;21;26;744
R2;415;1217;DRTIJA-IZLAKE;0;15.290;305;O;SBH;VIDRGA;1.681;13;1.505;20;46;68;10;19;745
R2;416;1346;LITIJA-SMARTNO;0;2.670;375;P;;;3.500;39;3.177;28;150;70;4;32;746
R2;416;1165;SMARTNO PRI LITIJI;0;260;437;P;;;5.500;31;5.004;55;208;196;6;0;747
R2;416;1347;SMARTNO-RADOHOVA VAS;0;14.630;375;O;;CRNI POTOK;1.000;11;908;8;43;20;1;9;748
R2;416;1425;GRM;0;750;289;P;;;3.000;9;2.697;8;132;78;33;43;749
R2;416;1348;GRM-BIC;0;2.490;289;P;;;2.500;7;2.250;6;109;65;27;36;750
R2;417;1190;SMARTNO/LITIJI-M.KOSTREVICA;0;1.500;284;O;;SMARTNO;2.100;4;2.032;4;24;34;2;0;751
R2;417;1190;M. KOSTREVICA-VEL. REKA;1.500;8.700;284;P;;;1.700;3;1.645;3;19;28;2;0;751
R2;417;1187;VEL.REKA-MORAVCE;0;6.400;282;O;;CATEZ;600;3;557;10;10;12;8;0;752
R2;417;4326;MORAVCE-TIHABOJ-MIRNA;0;12.108;182;O;;TIHABOJ;371;1;321;8;34;5;1;1;753
R2;418;1199;MOKRONOG-ZBURE;0;10.475;291;P;;;1.000;6;821;21;59;26;32;35;754
R2;418;1200;ZBURE-SKOCJAN;0;3.940;291;O;;SKOCJAN 1;1.000;6;821;21;59;26;32;35;755
R2;418;1201;SKOCJAN-DOBRUSKA VAS;0;2.975;293;P;;;1.500;6;1.401;9;39;25;16;4;756
R2;419;1203;SOTESKA-NOVO MESTO;0;14.600;294;O;QLD6;POTOK;5.978;20;5.514;46;190;114;34;60;757
R2;419;1204;NOVO MESTO-SENTJERNEJ;0;15.755;295;O;;RATEZ;4.500;6;4.042;65;177;132;65;13;758
R2;419;1205;SENTJERNEJ-KOSTANJEVICA;0;7.000;683;O;QLD6;SENTJERNEJ;3.352;14;3.093;34;107;66;26;12;759
R2;419;1205;KOSTANJEVICA-KRIZAJ;7.000;11.325;296;O;;KRIZAJ 1;2.500;33;2.224;47;126;59;10;1;759
R2;419;1206;KRIZAJ-CATEZ OB SAVI;0;13.000;297;O;;KRSKA VAS;2.600;46;2.268;25;187;57;9;8;760
R2;420;1335;BREZICE-DOBOVA;0;4.500;368;O;;MOSTEC;2.800;15;2.331;16;225;99;44;70;761
R2;420;1335;DOBOVA-M.P. RIGONCE;4.500;6.780;676;O;QLD3;M.P. RIGONCE;1.567;3;1.447;11;52;29;15;10;761
R2;421;2506;RUCETNA VAS-STREKLJEVEC;0;7.135;280;P;;;1.500;9;1.331;14;60;50;11;25;762
R2;421;2507;STREKLJEVEC-JUGORJE;0;5.890;469;O;;JUGORJE;250;5;207;1;12;14;11;0;763
R2;422;1333;PODSREDA-BRESTANICA;0;16.250;365;O;SBH;KOPRIVNICA;1.438;5;1.204;37;116;39;15;22;764
R2;423;1226;SENTJUR-CRNOLICA;0;2.330;313;P;;;3.500;26;3.064;64;195;108;24;19;765
R2;423;1281;CRNOLICA-LESICNO;0;18.370;271;O;;ZEGAR;1.103;24;937;25;68;41;4;4;766
R2;423;1282;PILSTAJN-PODSREDA;0;10.020;333;O;SBH;KOZJE;1.281;5;1.142;31;63;29;11;0;767
R2;423;1283;PODSREDA-BISTRICA;0;6.720;335;O;;PODSREDA 2;900;5;749;33;43;32;17;21;768
R2;423;1243;BISTRICA OB SOTLI-M.P.BISTRICA;0;1.050;411;O;;BISTRICA 1;1.000;6;893;12;43;31;0;15;769
R2;424;1166;BOSTANJ-ORESJE/SEVNICI;0;5.700;272;O;SBH; SEVNICA;1.612;0;1.464;10;62;56;8;12;770
R2;424;1166;ORESJE/SEVNICI-PLANINA;5.700;21.160;186;O;;DOBROPOLJE;517;5;459;1;37;10;4;1;770
R2;424;1170;PLANINA-DEZNO;0;1.115;313;P;;;350;3;306;6;20;11;2;2;771
R2;424;1225;DEZNO-CRNOLICA;0;11.960;313;O;;DOBJE;1.582;12;1.384;29;88;49;11;9;772
R2;425;1265;POLJANA-CRNA;0;12.500;323;O;;POLJANA 1;5.000;11;4.487;73;221;114;51;43;773
R2;425;1265;CRNA-SENTVID;12.500;23.950;324;P;;;300;0;278;4;10;7;1;0;773
R2;425;1266;SENTVID-SOSTANJ;0;16.835;324;O;;SENTVID;900;1;834;11;31;20;2;1;774
R2;425;1267;SOSTANJ-PESJE;0;1.835;167;O;;PESJE 2;12.000;14;10.770;292;450;344;56;74;775
R2;425;1419;PESJE-VELENJE;0;3.790;166;O;;PESJE 1;16.000;33;14.578;292;565;387;54;91;776
R2;426;1269;PESJE-GORENJE;0;6.100;168;O;;PESJE 3;6.500;13;5.924;46;224;202;27;64;777
R2;426;7949;GORENJE - RECICA - LETUS;0;5.795;176;O;;RECICA;2.600;10;2.248;28;124;121;32;37;778
R2;427;1351;LATKOVA VAS-PREBOLD;0;3.000;326;P;;;3.000;12;2.664;16;124;112;48;24;779
R2;427;1351;PREBOLD-TRBOVLJE;3.000;19.830;439;O;;TRBOVLJE 3;1.900;8;1.796;24;35;15;15;7;779
R2;428;1249;RADMIRJE-LJUBNO;0;2.500;238;O;;RADMIRJE 3;2.800;54;2.544;29;34;80;43;16;780
R2;428;1249;LJUBNO-LUCE;2.500;12.165;202;O;SBH;LJUBNO;2.063;26;1.841;39;41;33;66;17;780
R2;428;1250;LUCE-SESTRE LOGAR;0;13.895;202;P;;;500;6;446;10;10;8;16;4;781
R2;428;1252;S.LOGAR-PAVLICEVO SEDLO;0;7.550;202;P;;;200;2;179;4;4;3;6;2;782
R2;429;1245;VISNJA VAS-DOBRNA;0;7.520;321;O;;STRMEC;3.400;115;3.009;57;119;69;21;10;783
R2;429;1154;ODCEP V DOBRNO;0;1.695;320;P;;;2.500;12;2.229;15;115;97;16;16;784
R2;429;1422;DOBRNA-CRNOVA;0;3.400;320;O;;CRNOVA 2;3.500;16;3.119;21;161;137;23;23;785
R2;430;0273;MARIBOR(PTUJSKA)-HOCE;0;4.860;840;P;;;34.000;34;27.646;236;2.062;838;1.038;2.146;785.7
R2;430;0381;HOCE - SLIVNICA;0;965;840;P;;;30.000;41;25.488;367;1.186;1.069;403;1.446;785.8
R2;430;0274;SLIVNICA-SL.BISTRICA;0;13.060;38;O;;ZG. POLSKAVA;6.200;31;5.558;105;285;161;34;26;786
R2;430;1452;SL.BISTRICA-DEVINA;0;1.430;642;P;;;2.500;9;2.130;11;131;124;43;52;787
R2;430;0275;SL.BISTRICA;0;2.500;38;P;;;9.000;46;8.067;151;414;234;50;38;788
R2;430;0276; SL.BISTRICA-LOZNICA;0;1.690;608;P;;;6.500;24;5.457;94;523;345;17;40;789
R2;430;0277;LOZNICA-TEPANJE;0;7.820;608;O;QLD6;VRHOLE;5.576;20;4.683;81;448;296;14;34;790
R2;430;0278;TEPANJE-SL.KONJICE;0;3.100;608;P;;;5.000;18;4.198;72;402;266;13;31;791
R2;430;0279;SL.KONJICE;0;815;67;P;;;11.000;58;9.399;160;781;446;63;93;792
R2;430;0280;SL.KONJICE-STRANICE;0;5.160;67;P;;;8.999;38;7.933;107;520;298;41;62;793
R2;430;0281;STRANICE-VISNJA VAS;0;10.200;67;O;;FRANKOLOVO;8.000;51;6.799;143;472;397;55;83;794
R2;430;0282;VISNJA VAS-CELJE(AC);0;6.100;68;O;QLD6;VOJNIK;14.300;28;12.971;146;629;298;132;96;795
R2;430;0282;CELJE(AC)-CELJE;6.100;8.165;68;P;;;26.000;51;23.584;265;1.144;542;240;174;795
R2;431;1350;ZG.DOLIC-STRANICE;0;19.135;377;O;;STRANICE;2.000;1;1.800;22;93;49;14;21;796
R2;432;1440;MEJA HRVASKA-ROGATEC;0;180;414;O;;M.P. ROGATEC;2.900;6;2.597;18;94;70;29;86;797
R2;432;1284;ROGATEC-MAJSPERK;0;15.845;336;O;;ROGATEC;882;2;783;21;44;25;5;2;798
R2;432;1411;MAJSPERK;0;480;318;P;;;3.000;15;2.591;63;105;155;63;8;799
R2;432;1285;MAJSPERK-HAJDINA;0;11.760;441;O;;KIDRICEVO;4.500;18;4.196;33;119;66;43;25;800
R2;433;1288;LENART-TRATE;0;15.950;339;O;;LENART;3.000;8;2.785;24;85;50;31;17;801
R2;433;1289;TRATE-MOST CEZ MURO;0;2.120;144;O;SBH;M.P. TRATE;1.759;17;1.713;0;26;3;0;0;802
R2;434;1352;RADLJE-M.P.RADLJE;0;5.860;668;O;SBH;M.P. RADELJ;526;14;509;1;0;1;0;1;803
R2;435;1431;MARIBOR-RUSE;0;9.163;706;O;;RUSE;9.100;20;8.326;72;301;188;95;98;804
R2;435;1439;RUSE-SELNICA;0;3.297;710;O;;SELNICA;4.893;15;4.417;19;202;142;50;48;805
R2;436;1328;POCEHOVA-ZG.KUNGOTA;0;6.870;429;O;;KUNGOTA;5.000;26;4.628;34;167;69;55;21;806
R2;436;1329;ZG.KUNGOTA-JURIJ;0;5.565;553;O;SBH;M.P. JURIJ;489;6;471;4;7;1;0;0;807
R2;437;0267;MP SENTILJ-SENTILJ;0;1.620;664;O;QLD3;M.P. SENTILJ - S.C.;5.238;13;4.168;10;211;210;63;563;808
R2;437;0268;SENTILJ-PESNICA;0;10.620;628;O;QLD6;RANCA;6.444;41;5.699;56;262;197;40;149;810
R2;438;1306;SENTILJ-TRATE;0;13.520;350;O;;CERSAK;1.200;6;1.017;31;41;65;8;32;812
R2;438;1307;TRATE-GORNJA RADGONA;0;15.745;351;O;;LUTVERCI;3.000;12;2.757;29;107;61;21;13;813
R2;439;1299;KOBILJE-DOBROVNIK;0;7.730;493;O;;KOBILJE;920;0;845;12;37;20;6;0;814
R2;439;1300;DOBROVNIK-RENKOVCI;0;4.230;346;P;;;1.500;0;1.376;18;57;39;9;1;815
R2;439;1301;RENKOVCI-BELTINCI;0;6.521;346;O;;RENKOVCI;1.300;0;1.192;16;49;34;8;1;816
R2;439;1302;BRATONCI-DOKLEZOVJE;0;3.800;347;P;;;4.000;12;3.366;31;185;137;127;142;817
R2;439;1302;DOKLEZOVJE-KRIZEVCI;3.800;9.600;347;O;QLD6;DOKLEZOVJE;4.848;14;4.080;38;224;166;154;172;817
R2;439;1303;KRIZEVCI-ZIHLAVA;0;11.630;347;P;;;400;1;337;3;18;14;13;14;818
R2;439;1304;ZIHLAVA-VIDEM;0;2.950;347;P;;;500;1;421;4;23;17;16;18;819
R2;439;1305;VIDEM-SENARSKA;0;13.940;349;O;;GRADISCE 2;1.400;3;1.282;20;52;21;18;4;820
R2;440;1294;PETANJCI-GEDEROVCI;0;3.218;443;O;;GEDEROVCI 3;1.808;8;1.614;12;119;36;10;9;821
R2;440;1295;GEREDOVCI-CANKOVA;0;6.080;444;O;;GEDEROVCI 4;3.130;13;2.836;40;142;47;33;19;822
R2;440;1296;CANKOVA-VECESLAVCI;0;8.500;344;O;QLD3;CANKOVA;2.893;10;2.758;32;62;20;6;5;823
R2;440;1296;VECESLAVCI-SOTINA;8.500;15.200;681;O;QLD3;SOTINA;1.568;10;1.476;4;63;15;0;0;823
R2;440;1296;SOTINA-MP KUZMA;15.200;15.940;666;O;SBH;M.P. KUZMA;1.106;7;1.082;1;13;3;0;0;823
R2;441;1298;MURSKA SOBOTA;0;1.000;345;P;;;10.900;32;10.482;46;243;75;6;16;824
R2;441;1298;MURSKA SOBOTA-GEDEROVCI;1.000;10.200;345;O;QLD3;CERNELAVCI;9.114;26;8.759;46;202;62;5;14;824
R2;441;1298;GEDEROVCI-M.P. GEDEROVCI;10.200;10.931;142;O;QLD3;M.P. GEDEROVCI;2.471;6;2.454;11;0;0;0;0;824
R2;442;1318;MARTJANCI-DOBROVNIK;0;13.831;494;O;QLD3;FILOVCI;2.044;19;1.867;25;56;51;21;5;825
R2;442;1319;DOBROVNIK-DOLGA VAS;0;10.125;358;O;;GENTEROVCI;2.500;10;2.338;34;49;35;26;8;826
R2;443;0323;LENDAVA;0;1.700;89;P;;;8.000;27;6.873;57;269;160;178;436;826.1
R2;443;1320;LENDAVA-DOLINA;0;6.000;675;P;;;1.500;11;1.466;1;18;4;0;0;827
R2;443;1320;DOLINA-MP PINCE;6.000;7.650;675;O;SBH;M.P. PINCE;376;3;368;0;4;1;0;0;827
R2;444;1451;RAZDRTO;0;1.800;22;P;;;1.000;22;809;18;45;37;36;33;828
R2;444;1473;VIPAVA;0;1.400;81;P;;;13.000;34;9.553;35;877;949;264;1.288;828.11
R2;444;1473;VIPAVA-AJDOVSCINA;1.400;7.040;81;P;;;2.600;13;2.433;27;75;39;6;7;828.11
R2;444;0387;AJDOVSCINA (OBVOZNICA);0;1.960;427;P;;;2.500;15;2.308;0;69;57;16;35;828.12
R2;444;0346;AJDOVSCINA-SELO;0;8.550;427;P;;;3.000;19;2.717;52;83;69;18;42;828.13
R2;444;0347;SELO-TRI HISE;0;8.600;81;O;;SEMPAS;5.000;25;4.680;52;144;74;12;13;830
R2;444;0347;TRI HISE-AJSEVICA;8.600;10.600;209;P;;;10.000;24;9.100;31;413;211;89;132;830
R2;444;0347;AJSEVICA - ROZNA DOLINA;10.600;15.480;81;P;;;1.500;8;1.403;16;43;22;4;4;830
R2;444;0365;ROZNA DOLINA;0;690;81;P;;;7.000;35;6.553;73;201;103;17;18;831
R2;444;0348;ROZNA DOLINA-MP ROZNA DOLINA;0;130;654;O;QLD3;M.P. ROZNA DOLINA;6.026;44;5.982;0;0;0;0;0;832
R2;445;0349;SENOZECE-SEZANA;0;14.310;613;O;QLD6;STORJE;3.172;14;2.865;29;122;71;37;34;833
R2;445;0350;SEZANA-FERNETICI;0;2.500;613;P;;;2.000;8;1.806;18;77;45;24;22;834
R2;445;0350;FERNETICI-MP FERNETICI;2.500;2.825;613;P;;;2.000;8;1.806;18;77;45;24;22;834
R2;446;1016;SEZANA-DIVACA;0;9.770;206;O;QLD6;SEZANA;4.182;28;3.784;16;182;108;30;34;836
R2;447;0287;ARJA VAS-ZALEC;0;1.550;69;P;;;9.000;32;8.064;128;394;258;50;74;837
R2;447;0367;ZALEC-SEMPETER;0;5.790;609;O;QLD3;SEMPETER;13.527;78;12.881;82;252;167;31;36;838
R2;447;0288;SEMPETER-LATKOVA VAS;0;591;609;P;;;7.200;42;6.858;43;134;88;16;19;839
R2;447;0289;LATKOVA VAS-SENTRUPERT;0;1.420;609;P;;;6.200;36;5.905;37;115;76;14;17;840
R2;447;0290;SENTRUPERT-LOCICA;0;10.865;64;O;QLD6;TABOR;7.206;22;5.747;68;695;338;194;142;841
R2;450;1404;HOCE-LETALISCE MARIBOR;0;4.460;733;P;;;1.500;0;1.394;38;38;30;0;0;841.5
R3;601;7507;BORJANA-ROBIDISCE;0;9.832;93;P;;;50;0;47;0;1;1;1;0;900
R3;602;1032;STARO SELO-BREGINJ-MOST;0;16.550;93;O;;ST. SELO - BREGINJ;800;5;734;5;23;15;18;0;901
R3;603;1041;MOST NA SOCI-USNIK;0;4.150;616;P;;;1.000;11;822;7;58;52;30;20;902
R3;604;5701;ROCINJ-LIG;0;9.995;455;P;;;50;0;47;1;1;1;0;0;903
R3;605;5702;KAMBRESKO-KUSCAR-LIVEK;0;19.678;455;P;;;30;0;26;2;1;1;0;0;904
R3;606;5703;KANAL-LIG-MISCEK-NEBLO;0;35.533;455;O;;KANAL;220;1;207;3;5;4;0;0;905
R3;607;5723;PREVALA-GRGAR-CEPOVAN;0;14.309;98;O;;GRGAR;450;4;417;4;21;2;1;1;906
R3;608;1067;SOLKAN-GRGAR;0;3.000;225;P;;;1.500;32;1.400;7;16;22;12;11;907
R3;608;1067;GRGAR-LOKVE;3.000;19.400;225;O;;SOLKAN - LOKVE;400;8;374;2;4;6;3;3;907
R3;608;1065;LOKVE-CEPOVAN;0;5.530;224;O;;LOKVE;100;28;61;0;3;8;0;0;908
R3;608;1068;CEPOVAN-DOL.TREBUSA;0;11.040;449;O;;DOL. TREBUSA 2;50;13;36;0;0;1;0;0;909
R3;609;2117;AJDOVSCINA-LOKAV.-PREDMEJA;0;11.750;456;O;;LOKAVEC;916;11;844;2;37;14;6;2;910
R3;609;1064;PREDMEJA-LOKVE;0;11.520;224;P;;;100;28;61;0;3;8;0;0;911
R3;609;1066;CEPOVAN-MOST NA SOCI;0;13.220;224;P;;;150;42;92;0;4;12;0;0;912
R3;610;1370;D.TREBUSA-SP.IDRIJA;0;22.720;390;O;;DOL. TREBUSA;220;1;173;44;2;0;0;0;913
R3;610;1371;PECNIK(MAROF)-ZIRI;0;10.546;394;P;;;800;13;701;15;38;12;13;8;914
R3;611;1024;DORNBERK-SELO;0;5.150;208;O;;SELO;1.300;5;1.123;19;90;37;13;13;915
R3;612;1042;PLAVE-GONJACE;0;6.190;213;O;;PLAVE;500;2;454;10;34;0;0;0;916
R3;613;1437;AJSEVICA-KROMBERK;0;2.200;209;O;QLD6;KROMBERK;11.553;28;10.513;36;478;244;102;152;917
R3;613;1437;KROMBERK-NOVA GORICA;2.200;4.200;209;P;;;20.000;48;18.201;62;826;422;177;264;917
R3;614;1046;SEMPETER-MIREN;0;5.536;214;O;;MIREN;5.500;34;5.088;26;184;108;30;30;918
R3;614;1047;MIREN-OPATJE SELO;0;7.925;214;P;;;700;5;647;3;23;14;4;4;919
R3;614;1048;OPATJE SELO-KOMEN;0;14.885;215;O;;KOSTANJEVICA;500;13;422;10;31;17;5;2;920
R3;614;1049;KOMEN-STANJEL;0;8.815;216;O;;STANJEL;878;14;773;7;48;24;7;5;921
R3;614;1050;STANJEL-MANCE;0;11.750;217;O;;MANCE;999;9;903;4;51;21;9;2;922
R3;615;5736;TRI HISE-PRIKLJUCEK VOGRSKO;0;2.850;816;P;;;4.500;11;3.587;12;176;155;74;485;923
R3;615;5736;PRIKL.  VOGRSKO-VOLCJA DRAGA;2.850;6.257;208;P;;;2.000;8;1.726;30;139;57;20;20;923
R3;615;5740;VOLCJA DRAGA-RENCE;0;3.200;208;P;;;5.500;21;4.751;80;381;157;55;55;924
R3;615;5740;RENCE-KRIZ. CIJAN;3.200;4.975;208;P;;;3.500;13;3.023;51;243;100;35;35;924
R3;616;1056;GORJANSKO-KLARICI;0;10.185;422;O;;BRESTOVICA;287;3;257;2;19;5;1;0;925
R3;617;1054;KOMEN-GORJANSKO;0;3.170;218;O;;KOMEN;1.200;14;1.096;6;53;21;9;1;926
R3;617;1055;GORJANSKO-ZEKENC;0;2.990;218;P;;;300;3;276;1;13;5;2;0;927
R3;618;6807;BRANIK-KOMEN;0;7.725;457;O;;TOMACEVICA;800;12;721;1;38;21;7;0;928
R3;618;6805;KOMEN -KRAJNA VAS;0;8.215;458;O;;GABROVICA;1.000;10;906;6;46;27;5;0;929
R3;618;6804;KRAJNA VAS-DUTOVLJE;0;2.320;458;P;;;900;9;814;5;42;25;5;0;930
R3;619;1025;DUTOVLJE-REPENTABOR;0;5.365;419;O;;DUTOVLJE - REPENT.;1.443;10;1.315;5;61;22;28;2;931
R3;620;6831;STORJE-STANJEL;0;11.440;453;O;;PONIKVE;704;8;621;5;42;21;5;2;932
R3;621;1412;KALCE-PODKRAJ;0;15.000;497;O;;HRUSICA;1.122;11;947;4;98;46;8;8;933
R3;621;1412;PODKRAJ-COL;15.000;20.130;497;P;;;1.200;11;1.015;4;105;49;8;8;933
R3;622;6845;DIVACA-GORICE;0;3.850;59;O;;VREMSKI BRITOF 1;1.600;12;1.339;6;99;92;32;20;934
R3;622;6848;GORICE-KOSANA-KAL;0;16.245;80;O;;VREMSKI BRITOF 2;450;0;378;0;41;17;9;5;935
R3;623;3718;KASTELEC-PODGORJE;0;11.198;505;O;;PODGORJE;100;0;96;2;2;0;0;0;936
R3;624;3721;LOKA-PODPEC-RAKITOVEC;0;14.595;501;O;;RAKITOVEC;80;5;71;2;0;2;0;0;937
R3;625;1061;BERTOKI-DVORI;0;7.500;221;O;;POBEGI;4.904;43;4.565;13;186;38;57;2;938
R3;625;1061;DVORI-GRACISCE;7.500;14.300;221;P;;;450;4;420;1;17;3;5;0;938
R3;626;3726;GRACISCE-BREZOVICA;0;8.666;732;O;;BREZOVICA;50;2;48;0;0;0;0;0;939
R3;627;3716;CRNI KAL - OSP;0;4.590;505;P;;;300;0;288;6;6;0;0;0;940.1
R3;628;1427;MLINI-SECOVLJE;0;3.050;702;O;;DRAGONJA;3.500;18;3.263;33;100;80;4;2;941
R3;629;1381;VALETA-PIRAN;0;4.090;120;P;;;9.000;25;8.468;25;239;156;47;40;942
R3;630;1069;PREM-OBROV;0;18.696;226;O;;PREM;300;6;277;3;8;6;0;0;943
R3;630;1070;OBROV-GOLAC;0;8.650;505;P;;;50;0;48;1;1;0;0;0;944
R3;631;3223;STAROD-MEJA RH;0;3.005;505;P;;;20;0;20;0;0;0;0;0;945
R3;632;1378;IL.BISTRICA-ZABICE;0;9.570;396;O;;VRBOVO;2.400;5;2.285;19;56;20;9;6;946
R3;632;1378;ZABICE-NOVOKRACINE;9.570;17.660;396;P;;;150;0;144;1;3;1;1;0;946
R3;632;3224;JELSANE-NOVOKRACINE;0;3.441;505;P;;;150;0;144;3;3;0;0;0;947
R3;633;1099;BITNJE-JEREKA;0;1.934;239;O;;JEREKA;1.800;8;1.666;53;37;28;1;7;948
R3;633;1098;JEREKA-JEZERO;0;6.800;239;P;;;1.800;8;1.666;53;37;28;1;7;949
R3;634;1104;JAVORNIK-GORJE;0;8.060;241;O;;KOCNA;1.600;15;1.512;17;38;17;0;1;950
R3;634;1094;GORJE-BLED;0;3.430;235;O;;BLED - SP. GORJE;6.500;34;6.102;90;156;94;15;9;951
R3;635;1121;LESCE-K.GORICA-LIPNICA;0;11.160;250;O;;KAMNA GORICA 1;1.700;60;1.403;28;49;33;85;42;952
R3;635;1122;LIPNICA-KROPA;0;2.000;251;O;;KAMNA GORICA 2;1.100;9;995;42;37;13;2;2;953
R3;635;1122;KROPA-RUDNO;2.000;15.150;253;P;;;200;0;180;0;9;0;0;11;953
R3;635;1127;RUDNO-CESNJICA;0;2.270;253;P;;;150;0;135;0;7;0;0;8;954
R3;636;1126;LIPNICA-PODTABOR;0;9.500;254;O;;KAMNA GORICA 3;1.700;8;1.429;23;71;34;93;42;955
R3;636;1126;PODTABOR-ZVIRCE;9.500;11.200;254;P;;;800;3;673;11;33;16;44;20;955
R3;637;0368;HRUSICA-JESENICE;0;3.000;631;P;;;7.200;45;6.686;159;153;122;17;18;956
R3;637;0368;JESENICE-JAVORNIK;3.000;6.370;631;P;;;13.000;82;12.069;288;276;221;32;32;956
R3;637;0206;JAVORNIK-ZIROVNICA;0;5.050;631;P;;;5.000;31;4.642;111;107;85;12;12;957
R3;637;1459;ZIROVNICA-VRBA;0;3.580;631;P;;;4.000;26;3.713;88;85;68;10;10;958
R3;638;1131;ZIROVNICA-BEGUNJE;0;6.290;256;O;;BEGUNJE 1;1.500;8;1.339;43;81;28;0;1;959
R3;638;1132;BEGUNJE-BISTRICA(TRZIC);0;10.420;257;O;;BEGUNJE 2;600;10;557;7;22;2;2;0;960
R3;639;1141;LJ(SENTVID-SMARTNO);0;3.000;260;P;;;11.000;107;10.189;67;317;230;53;37;961
R3;639;1141;LJ(SMARTNO)-VODICE;3.000;10.800;260;O;;SMARTNO;3.300;32;3.057;20;95;69;16;11;961
R3;639;1142;VODICE-SP.BRNIK;0;5.100;261;O;;VODICE;4.000;63;3.650;16;173;69;9;20;962
R3;639;1143;SP.BRNIK-CERKLJE;0;4.500;496;P;;;3.600;19;3.422;19;73;37;26;4;963
R3;640;1373;RAKEK-LOGATEC;0;14.140;392;O;;LAZE;1.052;11;906;23;62;36;7;7;964
R3;641;1369;LJUBLJANICA-POL.GRADEC;0;9.100;389;P;;;200;0;182;2;6;6;3;1;965
R3;641;1369;POL.GRADEC-DOBROVA;9.100;19.500;389;O;;DVOR;2.000;2;1.806;25;64;63;34;6;965
R3;641;1369;DOBROVA-LJ(DOLGI MOST);19.500;23.645;389;P;;;5.000;5;4.518;62;159;156;85;15;965
R3;642;1146;VRHNIKA-PODPEC;0;16.795;265;O;;PODPEC;2.000;7;1.846;21;84;28;10;4;966
R3;642;1147;PODPEC-IG;0;8.960;266;O;;JEZERO;1.200;19;1.101;7;37;18;7;11;967
R3;642;1150;IG;0;820;266;P;;;3.500;55;3.212;20;108;53;20;32;968
R3;642;1360;IG-LJ(PERUZZIJEVA);0;7.280;383;O;;BARJE;9.400;23;8.689;55;364;101;126;42;969
R3;643;1436;PODPEC-RAKITNA;0;11.200;700;O;;KAMNIK;1.000;17;897;22;31;21;9;3;970
R3;643;1362;RAKITNA-CERKNICA;0;18.300;700;P;;;800;14;717;18;25;17;7;2;971
R3;644;1356;LJ(SMARTIN.)-SENTJAKOB;0;3.810;380;O;QLD3;SNEBERJE;11.791;19;11.146;27;296;192;68;43;972
R3;644;1357;SENTJAKOB-DOMZALE;0;6.180;381;O;QLD3;PODGORICA;12.338;54;11.801;9;256;156;39;23;973
R3;644;1358;DOMZALE-DUPLICA;0;6.090;382;O;QLD3;NOZICE;8.699;15;8.424;31;108;66;39;16;974
R3;645;1188;LJ(LITIJSKA)-ZADVOR;0;2.672;165;P;;;4.000;26;3.859;33;57;19;4;2;975
R3;645;1189;ZADVOR-SMARTNO/LITIJI;0;26.750;437;O;;BESNICA;900;5;819;9;34;32;1;0;976
R3;646;1194;SKOFLJICA - SMARJE-SAP;0;3.700;288;P;;;500;8;415;10;40;19;3;5;977
R3;646;1443;SMARJE-SAP - CIKAVA;0;2.800;288;O;;SMARJE-SAP;2.800;47;2.321;58;225;106;15;28;978
R3;646;1444;CIKAVA - GROSUPLJE;0;2.000;288;P;;;11.000;185;9.117;229;884;418;57;110;979
R3;646;1195;GROSUPLJE-IVANCNA GOR.;0;13.930;289;P;;;400;1;360;1;18;10;10;0;980
R3;646;1196;IVANCNA GORICA(STUDENEC)-GRM;0;6.065;289;O;QLD6;IVANCNA GORICA;8.030;24;7.222;20;352;208;88;116;981
R3;646;1197;GRM-PLUSKA;0;8.440;289;P;;;300;1;270;1;13;8;3;4;982
R3;647;1172;PEROVO-GROSUPLJE;0;1.480;275;P;;;6.000;66;5.502;80;209;117;9;17;983
R3;647;1151;GROSUPLJE;0;250;275;P;;;8.000;88;7.335;107;279;156;12;23;984
R3;647;1173;GROSUPLJE-MLACEVO;0;2.350;275;O;;VELIKO MLACEVO 1;4.000;44;3.669;53;139;78;6;11;985
R3;647;1174;MLACEVO-PLESIVICA;0;3.230;276;O;;VELIKO  MLACEVO 2;1.100;12;1.021;9;37;15;2;4;986
R3;647;1174;PLESIVICA-KRKA;3.230;15.230;276;P;;;300;3;279;2;10;4;1;1;986
R3;647;1368;MLACEVO-VIDEM;0;12.000;388;O;;VELIKO MLACEVO 3;2.700;54;2.490;21;75;46;8;6;987
R3;647;1368;VIDEM-RASICA;12.000;19.115;388;P;;;1.500;30;1.383;12;42;26;4;3;987
R3;648;2912;VIDEM-PRI CERKVI STRUGE;0;10.392;461;P;;;300;0;275;3;13;9;0;0;988
R3;648;3601;PRI CERKVI STRUGE-ZVIRCE;0;4.800;461;O;;ZVIRCE 1;200;0;183;2;9;6;0;0;989
R3;648;3601;ZVIRCE-SMUKA;4.800;14.695;463;O;;ZVIRCE 3;150;0;134;2;9;5;0;0;989
R3;649;2915;ZAGRADEC-AMBRUS-ZVIRCE;0;11.150;462;O;;ZVIRCE 2;100;0;94;0;5;1;0;0;990
R3;650;1159;ZUZEMBERK-PLUSKA;0;13.840;269;O;;ZUZEMBERK 1;1.100;13;922;81;49;21;4;10;991
R3;650;1160;PLUSKA-TREBNJE(STEFAN);0;2.000;269;P;;;1.400;16;1.173;103;63;27;5;13;992
R3;650;1161;TREBNJE(STEFAN)-TREBNJE;0;1.800;270;P;;;4.000;10;3.569;23;203;88;52;55;993
R3;651;1198;TREBNJE-NM(BRSLJIN-OBVOZNICA);0;16.090;290;O;;JABLAN;2.500;13;2.279;9;132;50;12;5;994
R3;652;1457;MORAVCE-CATEZ;0;6.200;282;P;;;300;2;275;8;5;6;4;0;996
R3;652;1457;CATEZ-TREBNJE;6.200;15.470;282;P;;;1.700;8;1.599;8;28;34;23;0;996
R3;653;1363;SODRAZICA-HRIB;0;11.150;385;O;;TRAVNA GORA;700;6;623;6;33;29;2;1;997
R3;653;1364;HRIB-PODPLANINA;0;18.860;506;O;;M.P. PODPLANINA;60;0;60;0;0;0;0;0;998
R3;654;3611;STALCERJI-KOC. REKA;0;5.835;465;O;;KOCEVSKA REKA;820;0;737;12;35;10;11;15;999
R3;655;6643;DOL. VAS - GOTEN. - KOC. REKA;0;16.525;162;O;;GRCARICE;550;0;477;8;34;9;11;11;1000
R3;656;3651;KOCEVSKA REKA-BOROVEC;0;5.965;468;P;;;200;5;174;4;17;0;0;0;1001
R3;656;3619;BOROVEC - DRAGARJI;0;4.000;468;P;;;50;1;44;1;4;0;0;0;1002
R3;656;3650;DRAGARJI-OSILNICA;0;10.310;468;P;;;0;0;0;0;0;0;0;0;1003
R3;657;3610;PETRINA-GRIVAC-MIRTOVICI;0;11.325;468;P;;;350;10;301;6;31;1;1;0;1004
R3;657;1345;BOSLJIVA LOKA-OSILNICA;0;9.520;445;O;;OSILNICA;350;6;289;7;23;6;19;0;1005
R3;658;2517;DOBLICE-SV.ANA-STARI TRG;0;9.865;468;O;;STARI TRG;550;15;475;10;48;1;1;0;1006
R3;658;1450;STARI TRG;0;1.130;452;P;;;550;2;475;17;37;12;1;6;1007
R3;658;1433;STARI TRG-BREZOVICA;0;8.464;452;O;;STARI TRG;500;2;430;16;34;11;1;6;1008
R3;659;3616;STARI TRG-KOT;0;3.710;452;P;;;250;1;214;8;17;6;1;3;1009
R3;659;2515;KOT-SODEVCI;0;780;509;O;;M.P. SODEVCI;50;0;48;0;2;0;0;0;1010
R3;660;1179;CRNOMELJ-ADLESICI;0;9.810;281;O;;DOLENJCI 1;950;13;866;22;38;5;5;1;1011
R3;660;1342;ADLESICI-VRHOVCI;0;3.680;451;O;;DOLENJCI 2;1.050;5;996;15;24;6;2;2;1012
R3;660;1342;VRHOVCI-ZUNICI;3.680;8.730;451;P;;;400;2;379;6;9;2;1;1;1012
R3;660;1342;ZUNICI-MP ZUNICI;8.730;9.390;508;O;;M.P. ZUNICI;100;0;95;0;5;0;0;0;1012
R3;661;1210;MEJA RH-DRASICI;0;5.000;301;O;;DRASICI;1.750;8;1.648;11;52;19;10;2;1013
R3;661;1210;DRASICI-METLIKA;5.000;9.500;301;P;;;2.500;12;2.354;15;75;27;14;3;1013
R3;662;5407;METLIKA-RADOVICI;0;3.000;301;P;;;1.600;7;1.506;10;48;18;9;2;1014
R3;662;5407;RADOVICI-MP BOZAKOVO;3.000;8.130;525;O;;M.P. BOZAKOVO;100;0;92;0;7;1;0;0;1014
R3;663;5401;BUSINJA VAS-RADOVICA;0;4.594;469;P;;;200;4;165;1;10;11;9;0;1015
R3;663;5404;RADOVICA-OSTRIZ;0;3.500;525;P;;;100;0;92;0;7;1;0;0;1016
R3;664;2501;GABER- URSNA SELA-NOVO MESTO;0;22.200;164;O;;BIRCNA VAS;1.600;6;1.513;11;44;17;5;4;1017
R3;665;1191;VEL. REKA-SOPOTA;0;15.100;285;P;;;300;2;277;2;10;7;1;1;1018
R3;665;1191;SOPOTA-RADECE;15.100;28.050;285;O;;JAGNJENICA;1.860;10;1.713;15;64;44;7;7;1018
R3;666;8115;SOPOTA-PODKUM-ZAGORJE;0;10.370;703;O;;ZAGORJE 3;750;1;691;9;18;26;1;4;1019
R3;667;1385;ZBURE-MACKOVEC;0;13.820;402;O;;DRUZINSKA VAS;3.400;13;3.256;28;27;66;6;4;1020
R3;668;5846;GABRJE-RATEZ;0;5.581;402;P;;;500;2;445;22;19;10;1;1;1021
R3;669;1202;DOBRUSKA V.-SENTJERNEJ;0;6.150;293;O;;SENTJERNEJ;2.800;11;2.618;16;72;46;29;8;1022
R3;670;1244;BIZELJSKO - ORESJE;0;5.260;435;O;;M.P. BIZELJSKO;620;3;600;2;14;0;1;0;1023
R3;671;2237;KRIZAJ-PODBOCJE-SUTNA;0;3.975;191;O;;PODBOCJE;500;3;441;9;8;10;28;1;1024
R3;671;3921;SUTNA-PLANINA/PODBOCJU;0;10.225;402;P;;;20;0;18;1;1;0;0;0;1025
R3;672;1337;IMPOLJCA-ZAVRATEC;0;4.900;369;P;;;1.000;2;907;20;45;23;2;1;1026
R3;672;1338;ZAVRATEC-SMEDNIK;0;9.120;369;O;;RAKA;533;1;484;11;24;12;1;0;1027
R3;672;3927;SMEDNIK-ZAMESKO-KOSTANJEVICA;0;9.261;183;O;;SMEDNIK;750;2;635;14;36;34;17;12;1028
R3;673;1340;DRNOVO-KRIZAJ;0;5.245;371;O;;KRIZAJ 2;2.700;10;2.446;23;100;68;33;20;1029
R3;674;1384;ZAVRATEC-SKOCJAN;0;10.760;401;O;;SKOCJAN 2;900;0;812;12;42;17;11;6;1030
R3;675;1207;CATEZ OB SAVI-JESENICE;0;9.500;184;O;;RIBNICA;1.600;15;1.523;12;46;2;1;1;1031
R3;675;1207;JESENICE-MP SLOVENSKA VAS;9.500;10.970;677;O;SBH;M.P. SLOVENSKA VAS;3.400;6;3.121;24;121;70;34;24;1031
R3;676;2204;SP. POHANCA-KAPELE;0;10.120;471;O;;ARTICE;2.000;6;1.846;29;73;27;5;14;1032
R3;676;2212;KAPELE;0;1.028;471;P;;;2.000;6;1.846;29;73;27;5;14;1033
R3;676;2216;KAPELE-RAKOVEC;0;2.515;513;O;;M.P. RAKOVEC;100;1;92;0;7;0;0;0;1034
R3;677;2203;MP  NOVA VAS-PISECE;0;6.019;515;O;;M.P. NOVA VAS;100;0;94;0;6;0;0;0;1035
R3;677;2202;PISECE-ZG.POHANCA-KRSKO;0;17.355;185;O;;ZG. POHANCA;800;7;769;2;19;2;1;0;1036
R3;678;2215;ST.VAS-FIGAROV MOST;0;755;514;O;;M.P. STARA VAS;100;0;96;0;4;0;0;0;1037
R3;679;1192;RADECE-BREG;0;5.700;286;O;;LOKA;1.000;2;951;6;30;10;1;0;1038
R3;679;3909;BREG-SEVNICA;0;8.100;709;O;;BREG;1.100;1;1.052;4;33;9;0;1;1039
R3;679;3909;SEVNICA-BLANCA;8.100;16.800;715;O;;SEVNICA;2.666;8;2.517;21;91;23;6;0;1039
R3;679;3909;BLANCA-BRESTANICA;16.800;22.097;713;O;;BRESTANICA;1.850;3;1.714;16;68;36;5;8;1039
R3;680;1223;SMARJETA-JURKLOSTER;0;15.040;310;P;;;600;2;522;6;26;20;8;16;1040
R3;680;1224;JURKLOSTER-DEZNO;0;6.600;313;P;;;300;2;262;6;17;9;2;2;1041
R3;681;4005;LASKO;0;124;313;P;;;9.000;68;7.875;165;502;279;62;49;1042
R3;681;4006;LASKO-BREZE-SENTJUR;0;20.155;187;O;;SENTRUPERT;350;2;333;4;6;5;0;0;1043
R3;681;7233;SENTJUR(PODGORA-NOVA V);0;1.271;287;P;;;1.500;44;1.348;36;64;8;0;0;1043.1
R3;682;1441;LOKE-LEDINSCICA;0;10.080;312;O;;LEDINSCICA;267;1;246;2;12;6;0;0;1044
R3;683;1169;PILSTAJN-GOLOBINJEK;0;10.225;274;O;;LESICNO;1.102;21;1.021;14;27;14;4;1;1045
R3;683;1414;IMENO-MP IMENO;0;1.015;415;O;;M.P. IMENO;300;0;290;1;9;0;0;0;1046
R3;684;7460;PRELASKO-BUCE-KOZJE;0;7.384;274;P;;;800;16;740;10;20;10;3;1;1047
R3;685;7495;TEKACEVO-ROGASKA SLATINA;0;4.114;136;P;;;6.000;27;5.375;46;209;178;54;111;1048
R3;685;7450;RODNE-MP RAJNKOVEC;0;1.733;517;O;;M.P. RAJNKOVEC;300;1;287;8;4;0;0;0;1049
R3;686;1278;TEPANJE-ZICE;0;3.750;317;P;;;1.400;0;1.259;83;45;9;4;0;1050
R3;686;1279;ZICE-KARTUZIJA;0;6.900;317;P;;;300;0;269;18;10;2;1;0;1051
R3;686;1279;KARTUZIJA-DRAMLJE;6.900;14.000;317;P;;;50;0;45;3;2;0;0;0;1051
R3;686;1279;DRAMLJE-DOLE;14.000;17.100;317;P;;;5.600;0;5.035;332;179;36;18;0;1051
R3;686;1280;DOLE-SENTJUR;0;3.445;134;P;;;5.000;7;4.587;45;178;78;43;62;1052
R3;687;7207;DOLE-PONIKVA-LOCE;0;14.270;135;O;;HOTUNJE;2.250;25;2.027;8;127;56;6;1;1053
R3;688;1231;SLOV.KONJICE-ZICE;0;4.840;317;P;;;1.500;0;1.348;89;48;10;5;0;1054
R3;688;1418;ZICE;0;670;317;P;;;3.000;0;2.697;178;96;19;10;0;1055
R3;688;1232;ZICE-POLJCANE;0;9.500;317;O;;ZICE;1.150;0;1.034;68;37;7;4;0;1056
R3;688;1233;POLJCANE-MAJSPERK;0;16.270;318;O;;MAKOLE;1.800;9;1.554;38;63;93;38;5;1057
R3;689;6252;PODLEHNIK-KOZMINCI;0;3.700;481;P;;;500;4;445;7;24;17;1;2;1058
R3;689;6260;KOZMINCI-ROGATEC;0;15.389;481;O;;ZETALE;500;4;445;7;24;17;1;2;1059
R3;690;1234;MAJSPERK-JUROVCI;0;12.605;145;O;;STOGOVCI;380;0;334;9;17;9;10;1;1060
R3;690;1235;TRZEC-VIDEM;0;4.500;521;P;;;900;8;722;22;135;13;0;0;1061
R3;690;1235;VIDEM-ZG. LESKOVEC;4.500;15.775;521;O;;M.P. LESKOVEC;200;2;160;5;30;3;0;0;1061
R3;691;6251;ZAVRC-DRENOVEC;0;7.280;520;P;;;100;0;93;2;4;1;0;0;1062
R3;692;6223;BORL-MP MEJE;0;7.436;520;O;;M.P. MEJE;300;0;285;2;11;2;0;0;1063
R3;693;2302;STRMEC-SOCKA-VITANJE;0;10.320;377;P;;;1.000;0;901;11;46;24;7;11;1064
R3;694;1268;VELENJE-POLZELA;0;12.000;326;O;;ZALOZE;2.000;8;1.775;11;83;75;32;16;1065
R3;694;1268;POLZELA-DOBRTESA VAS;12.000;15.510;326;P;;;3.800;15;3.373;21;158;142;61;30;1065
R3;695;8208;POLZELA;0;724;326;P;;;2.000;8;1.775;11;83;75;32;16;1066
R3;695;7951;POLZELA-RECICA;0;5.410;326;P;;;800;3;711;4;33;30;13;6;1067
R3;695;1458;GORENJE-SOTESKA;0;2.710;326;P;;;1.500;6;1.332;8;62;56;24;12;1068
R3;696;7912;VELENJE-SKALE;0;6.538;322;P;;;1.500;7;1.386;6;71;20;9;1;1069
R3;696;7919;PLESIVEC-GRASKA  G.-SMIKLAVZ;0;10.710;322;P;;;400;2;371;1;19;5;2;0;1070
R3;696;6904;SL.GRADEC-MISL.DOBRAVA;0;10.440;322;P;;;500;2;462;2;24;7;3;0;1071
R3;697;5514;NAZARJE-GORNJI GRAD;0;14.082;175;O;;SMARTNO OB DRETI;1.350;4;1.286;26;11;22;0;1;1072
R3;698;6505;MEZICA-REHT;0;2.725;552;O;;M.P. MEZICA;248;2;243;0;3;0;0;0;1073
R3;699;1263;DRAVOGRAD-CRNECE;0;2.500;672;P;;;400;19;370;2;1;8;0;0;1074
R3;699;1263;CRNECE-MP LIBELICE;2.500;8.800;672;O;;M.P. LIBELICE;24;1;21;2;0;0;0;0;1074
R3;700;1272;SL.KONJICE-OPLOTNICA;0;6.750;330;O;;OPLOTNICA 2;2.200;6;2.075;42;44;23;9;1;1075
R3;700;1273;OPLOTNICA-LOZNICA;0;9.450;331;O;;OPLOTNICA 3;2.000;5;1.770;23;37;122;27;16;1076
R3;701;1270;RUTA-LOVRENC;0;13.400;328;O;;PUSCAVA;2.744;4;2.508;34;92;65;11;30;1077
R3;701;1270;LOVRENC-PESEK;13.400;18.400;327;P;;;220;0;215;0;3;2;0;0;1077
R3;701;1430;PESEK-ROGLA;0;3.500;327;O;;PESEK;1.300;0;1.269;0;19;12;0;0;1078
R3;701;1430;ROGLA-BOHARINA;3.500;17.000;704;P;;;400;1;362;6;18;9;3;1;1078
R3;701;1430;BOHARINA-ZRECE;17.000;21.400;704;O;;ZRECE;3.000;8;2.712;46;134;70;26;4;1078
R3;702;2703;DRAVOGRAD-TRBONJE;0;8.070;483;O;;TRBONJE 1;280;4;255;4;15;2;0;0;1079
R3;702;2704;TRBONJE-DRAVCE;0;11.370;484;O;;TRBONJE 2;720;4;664;3;28;11;8;2;1080
R3;702;2704;DRAVCE-VUHRED;11.370;13.300;485;O;;TRBONJE 3;1.000;6;920;7;42;15;8;2;1080
R3;703;6307;MUTA;0;830;482;P;;;1.600;0;1.579;0;0;7;7;7;1081
R3;703;6304;MUTA-GORTINA;0;1.610;482;P;;;1.200;0;1.185;0;0;5;5;5;1082
R3;703;6303;GORTINA-BISTRISKI JAREK;0;6.330;482;O;;MUTA;450;0;444;0;0;2;2;2;1083
R3;704;1353;RADLJE-RIBNICA;0;12.300;378;O;;VUHRED;660;2;617;12;15;7;5;2;1084
R3;704;1355;RIBNICA-BREZNO;0;10.440;379;O;;PODVELKA;2.083;4;1.923;13;91;36;3;13;1085
R3;705;1432;RUSE-PUSCAVA;0;10.100;705;O;;FALA;1.700;3;1.591;17;49;19;10;11;1086
R3;706;6301;OZBALT-ZG. KAPLA;0;14.230;486;O;;OZBALT;150;0;138;2;3;7;0;0;1087
R3;706;8802;HAJDICEV MLIN-GRADISCE;0;2.400;486;P;;;100;0;93;0;2;5;0;0;1088
R3;707;8801;SP.SELNICA-DUH NA OSTREM VRHU;0;13.000;486;P;;;100;0;93;0;2;5;0;0;1089
R3;708;1330;ZG.KUNGOTA-PLAC;0;5.480;429;P;;;100;0;94;1;3;1;1;0;1090
R3;709;8614;MB(PODBREZJE)-PERNICA;0;8.355;488;O;;ZG. KORENA;700;1;653;6;32;2;6;0;1091
R3;710;1292;MARIBOR-DVORJANE;0;11.965;342;O;QLD6;DOGOSE;10.143;16;9.511;68;316;144;68;20;1092
R3;710;1292;DVORJANE-PTUJ;11.965;24.875;438;O;;GRAJENA;3.700;18;3.517;17;119;21;4;4;1092
R3;711;9006;FRAM-RACE;0;2.312;495;P;;;2.000;16;1.838;40;60;26;20;0;1093
R3;711;9014;RACE;0;550;495;P;;;1.600;13;1.470;32;48;21;16;0;1094
R3;711;9013;RACE-KUNGOTA-KIDRICEVO;0;10.830;495;P;;;500;4;459;10;15;7;5;0;1095
R3;712;1331;ZIHLAVA-GABERNIK;0;13.000;363;P;;;500;3;448;4;23;14;4;4;1096
R3;712;1331;GABERNIK-ROGOZNICA(PTUJ);13.000;21.035;363;O;;PACINJE;2.500;14;2.238;20;115;73;20;20;1096
R3;713;4910;LJUTOMER-SAVCI-PTUJ;0;31.230;733;O;;SAVCI;750;0;697;19;19;15;0;0;1097
R3;714;1293;VIDEM-RADENCI;0;10.353;343;O;;OKOSLAVCI;1.745;17;1.582;31;97;16;2;0;1098
R3;715;5645;M.SOBOTA-LEMERJE;0;8.500;490;O;;LEMERJE 3;2.100;4;1.905;30;82;70;8;1;1099
R3;715;5645;LEMERJE-SKAKOVCI;8.500;14.385;491;O;;LEMERJE 2;800;0;721;7;36;31;5;0;1099
R3;716;5637;LEMERJE-GRAD;0;11.210;489;O;;LEMERJE 1;500;3;456;8;15;16;2;0;1100
R3;716;5640;GRAD;0;1.450;489;P;;;600;4;547;10;18;19;2;0;1101
R3;716;5630;GRAD-KUZMA;0;4.585;489;P;;;500;3;456;8;15;16;2;0;1102
R3;717;1297;CANKOVA;0;822;666;P;;;600;4;586;0;8;2;0;0;1103
R3;717;5614;CANKOVA-GERLINCI;0;5.200;489;P;;;150;1;137;2;4;5;1;0;1104
R3;717;5615;KOROVCI;0;420;524;P;;;50;0;50;0;0;0;0;0;1105
R3;717;5616;GERLINCI;0;355;524;P;;;50;0;50;0;0;0;0;0;1106
R3;718;5620;PERTOCA-FIKSINCI;0;4.688;489;P;;;50;0;45;1;2;2;0;0;1107
R3;718;5619;FIKSINCI;0;984;489;P;;;50;0;45;1;2;2;0;0;1108
R3;719;5621;ROGASOVCI-KRAMAROVCI;0;2.953;489;P;;;50;0;45;1;2;2;0;0;1109
R3;719;5622;KRAMAROVCI;0;630;524;P;;;50;0;50;0;0;0;0;0;1110
R3;720;5624;SOTINA;0;2.266;524;P;;;50;0;50;0;0;0;0;0;1111
R3;721;1317;PETROVCI-KUZMA;0;19.950;356;O;;DOLIC;893;1;835;13;43;1;0;0;1112
R3;722;1446;MP MARTINJE-MARTINJE;0;310;524;O;;M.P. MARTINJE;130;0;130;0;0;0;0;0;1113
R3;723;5691;SALOVCI-CEPINCI;0;6.638;358;P;;;150;1;140;2;3;2;2;0;1114
R3;723;5657;CEPINCI-MEJA MADZARSKA;0;2.524;524;P;;;100;0;100;0;0;0;0;0;1115
R3;724;5693;HODOS-DOMANJSEVCI;0;5.055;358;P;;;100;0;95;1;2;1;1;0;1116
R3;724;5694;DOMANJSEVCI;0;1.060;358;P;;;100;0;95;1;2;1;1;0;1117
R3;724;5661;DOMANJSEVCI-BERKOVCI;0;3.770;358;P;;;100;0;95;1;2;1;1;0;1118
R3;724;4210;BERKOVCI-KOBILJE;0;12.943;358;P;;;300;1;281;4;6;4;3;1;1119
R3;725;5672;MARTJANCI-SEBEBORCI;0;3.167;492;O;;MARTJANCI;2.195;15;2.031;21;92;34;2;0;1120
R3;725;5677;SEBEBORCI-TRAKSAROV BREG;0;3.973;492;P;;;1.000;7;927;9;41;15;1;0;1121
R3;725;5678;TRAKSAROV BREG- FOKOVCI;0;440;492;P;;;500;3;463;5;21;8;0;0;1122
R3;725;5668;FOKOVCI-PROSENJAKOVCI;0;7.595;492;P;;;100;1;92;1;4;2;0;0;1123
R3;726;1321;RENKOVCI-CRENSOVCI;0;8.240;359;O;;TURNISCE;2.200;5;2.047;31;46;33;21;17;1124
R3;726;1322;CRENSOVCI-RAZKRIZJE;0;6.210;360;O;QLD6;SR. BISTRICA;2.024;10;1.694;16;88;50;34;132;1125
R3;726;1324;STROCJA VAS-PAVLOVCI;0;13.200;140;O;;MIKLAVZ;900;2;847;12;27;5;6;1;1126
R3;727;1326;RAZKRIZJE-MEJA R HRVASKA;0;475;431;P;;;500;0;476;5;17;2;0;0;1127
R3;728;1148;SKOFLJICA-IG;0;5.249;161;O;;IG;800;2;715;0;36;33;12;2;1128
R3;728;4815;IG-RAKITNA;0;19.440;158;O;;RAKITNA;60;2;54;0;4;0;0;0;1129
R3;729;4206;HOTIZA-VELIKA POLANA;0;3.317;359;P;;;250;1;232;4;5;4;2;2;1130
R3;729;4207;VELIKA POLANA-LIPA-BELTINCI;0;8.920;359;P;;;250;1;232;4;5;4;2;2;1131
R3;730;4104;ZICE-SV.ANA-ZG.SCAVNICA;0;5.835;359;P;;;200;0;186;3;4;3;2;2;1132
R3;730;4105;ZG.SCAVNICA-DRAZEN VRH;0;2.235;359;P;;;150;0;141;2;3;2;1;1;1133
R3;731;8209;POLZELA-PARIZLJE-BRASLOVCE-M.B;0;3.919;326;P;;;300;1;267;2;12;11;5;2;1134
R3;732;8215;PONDOR-TABOR;0;2.388;326;P;;;500;2;443;3;21;19;8;4;1135
R3;732;8259;TABOR-OJSTRISKA VAS-KAPLA;0;1.645;326;P;;;300;1;267;2;12;11;5;2;1136
R3;733;5831;VAVTA VAS-DOL.TOPLICE-PODTURN;0;6.290;294;P;;;1.500;5;1.382;12;48;29;9;15;1137
R3;734;4123;CERKVENJAK-VITOMARCI;0;5.733;338;P;;;150;1;131;1;6;4;3;4;1138
R3;734;4121;VITOMARCI-GABRNIK;0;6.397;338;P;;;150;1;131;1;6;4;3;4;1139
R3;735;6314;MUTA-VUZENICA;0;445;484;P;;;700;4;645;3;27;11;8;2;1140
R3;737;9017;RACE-SIKOLE;0;5.895;733;P;;;400;0;372;10;10;8;0;0;1141
R3;738;6727;TRZISCE-HOTEMEZ;0;14.641;284;P;;;600;1;580;1;7;10;1;0;1142
RT;901;1001;RATECE-PLANICA;0;2.000;211;P;;;50;2;48;0;0;0;0;0;1200
RT;902;1019;STRMEC-MANGART;0;11.980;211;P;;;50;2;48;0;0;0;0;0;1201
RT;903;1021;IDRSKO-LIVEK;0;6.960;211;P;;;100;5;91;1;1;1;1;0;1202
RT;904;1093;JEZERO-ZLATOROG;0;4.200;240;O;;BOHINJSKO JEZERO;1.000;9;958;25;4;4;0;0;1203
RT;904;1093;ZLATOROG-SAVICA;4.200;8.200;240;P;;;250;3;239;6;1;1;0;0;1203
RT;905;1095;GORJE-KRNICA;0;2.160;235;P;;;2.000;11;1.877;27;48;29;5;3;1204
RT;905;1096;KRNICA-ZATRNIK;0;4.000;236;O;;KRNICA;500;5;461;7;18;7;1;1;1205
RT;905;1096;ZATRNIK-MRZLI STUDENEC;4.000;9.120;236;P;;;400;4;367;6;15;6;1;1;1205
RT;905;1097;MRZLI STUDENEC-JEREKA;0;16.340;239;P;;;120;1;112;3;2;2;0;0;1206
RT;906;1100;MRZLI STUD.-RUDNO POLJE;0;6.100;239;P;;;160;1;149;4;3;2;0;1;1207
RT;907;1101;KRNICA-ZG.RADOVNA;0;11.880;239;P;;;80;0;75;2;2;1;0;0;1208
RT;907;1102;ZG.RADOVNA-DOVJE;0;6.400;239;P;;;220;1;204;6;5;3;0;1;1209
RT;908;1383;KRAJE-MOJSTRANA;0;2.000;631;P;;;1.000;6;928;23;22;17;2;2;1210
RT;908;1383;MOJSTRANA-VRATA;2.000;11.600;211;P;;;180;9;167;1;1;1;1;0;1210
RT;909;1125;BOH.BISTRICA-VRESJE;0;8.260;253;O;;NEMSKI ROVT;180;0;162;0;8;0;0;10;1211
RT;909;1128;VRESJE-SORICA;0;9.530;236;P;;;90;1;84;1;3;1;0;0;1212
RT;909;1129;SORICA-PETROVO BRDO;0;4.200;236;P;;;60;0;56;1;2;1;0;0;1213
RT;910;1130;SORICA-PODROST;0;5.250;236;P;;;400;4;367;6;15;6;1;1;1214
RT;911;1123;RUDNO-ROVTARICA;0;11.510;253;P;;;150;0;135;0;7;0;0;8;1215
RT;911;1124;ROVTARICA-VRESJE;0;7.880;253;P;;;20;0;18;0;1;0;0;1;1216
RT;912;7302;ZALI LOG-DAVCA;0;7.856;211;P;;;400;20;369;3;3;3;2;0;1217
RT;912;7350;DAVCA-NOVAKI;0;3.065;211;P;;;500;25;460;4;4;4;3;0;1218
RT;912;3105;NOVAKI-CERKNO;0;10.295;211;P;;;700;35;643;6;6;6;4;0;1219
RT;913;6105;POSTOJNA-MOTEL ERAZEM;0;6.130;701;O;;PREDJAMA;1.410;29;1.294;21;37;11;2;16;1220
RT;913;6101;ERAZEM-VRHI;0;865;701;P;;;300;6;276;4;8;2;0;4;1221
RT;913;6110;VRHI-BUKOVJE;0;1.940;701;P;;;200;4;184;3;5;2;0;2;1222
RT;913;6109;BUKOVJE-PREDJAMA;0;1.525;701;P;;;150;3;138;3;4;1;0;1;1223
RT;914;1372;POSTOJNA-RAKOV.SKOC.;0;4.200;392;P;;;1.300;14;1.120;29;77;44;8;8;1224
RT;914;2402;RAKOV SKOCJAN-PODSKRAJNIK;0;7.085;152;O;;RAKOV SKOCJAN;250;0;227;13;9;0;1;0;1225
RT;915;1376;IL.BISTRICA-GRDA DRAGA;0;21.000;226;P;;;50;1;47;0;1;1;0;0;1226
RT;915;2427;GRDA DRAGA- PUDOB;0;28.100;498;O;;SNEZNIK;50;6;38;0;0;0;0;6;1227
RT;916;3653;DRAGARJI-MEDVEDJEK-DRAGA;0;17.200;468;P;;;50;1;44;1;4;0;0;0;1228
RT;917;3602;KOCEVJE-ZELJNE;0;2.923;466;P;;;800;7;622;4;48;36;61;22;1229
RT;917;3621;ZELJNE-ROG-BAZA-PODTURN;0;29.400;467;O;;KOCEVSKE POLJANE;50;1;46;0;2;0;1;0;1230
RT;918;3652;KOT-GRGELJ;0;12.314;468;P;;;50;1;44;1;4;0;0;0;1231
RT;918;3617;GRGELJ-FARA;0;11.375;468;P;;;50;1;44;1;4;0;0;0;1232
RT;919;1341;PODZEMELJ-ADLESICI;0;9.450;372;O;;DOLENJCI 3;520;5;471;8;22;12;0;2;1233
RT;919;1466;ZUNICI-VINICA;0;10.340;373;O;;VINICA 1;460;8;398;5;33;6;10;0;1234
RT;919;1343;VINICA-STARI TRG;0;20.220;374;O;;VINICA 2;200;1;176;12;10;1;0;0;1235
RT;920;5899;VAHTA-GABRJE;0;22.568;467;P;;;50;1;46;0;2;0;1;0;1236
RT;921;4306;KANDRSE-VACE-SP.HOTIC;0;7.711;181;O;;VACE;967;8;872;10;43;18;14;2;1237
RT;922;1455;GRAD-KRVAVEC;0;2.530;496;O;;CERKLJE;1.287;7;1.223;7;26;13;9;2;1238
RT;923;1087;STAHOVICA-KAM.BISTRICA;0;8.210;234;P;;;100;1;92;1;2;3;1;0;1239
RT;924;3559;PODLOM-KR.RAK;0;4.540;169;O;;KALISE;300;1;280;0;8;3;8;0;1240
RT;924;3559;KR.RAK-LUCE;4.540;17.032;477;P;;;300;3;264;4;9;8;9;3;1240
RT;926;5501;SOLCAVA-PODOLSEVA-SLEME;0;10.425;477;P;;;50;0;44;1;2;1;2;0;1242
RT;926;6519;SLEME-KOPRIVNA;0;5.917;477;P;;;50;0;44;1;2;1;2;0;1243
RT;926;6506;KOPRIVNA-CRNA;0;7.980;477;O;;PRISTAVA;888;6;784;13;27;23;27;8;1244
RT;927;5502;ZIBOVT-SV.DUH-PODOLSEVA;0;10.345;477;P;;;50;0;44;1;2;1;2;0;1245
RT;928;1253;MOZIRJE-GOLTE;0;4.350;211;P;;;500;25;460;4;4;4;3;0;1246
RT;929;1332;HOCE-POHORSKA VZPENJACA;0;16.575;495;O;;HOCKO POHORJE;1.000;8;919;20;30;13;10;0;1247
RT;929;1409;ODCEP ZA AREH;0;4.950;495;P;;;500;4;459;10;15;7;5;0;1248
RT;929;7070;AREH-LUKANJA;0;20.730;477;P;;;20;0;17;0;1;1;1;0;1249
RT;930;7065;PESEK-OPLOTNICA;0;18.820;477;P;;;100;0;88;2;3;3;3;1;1250
RT;931;1354;RIBNICA-RIBNISKA KOCA;0;9.710;378;P;;;100;0;94;2;2;1;1;0;1251
RT;932;6924;SL.GRADEC-SPOLE;0;4.500;327;P;;;1.200;0;1.171;0;18;11;0;0;1252
RT;932;6924;SPOLE-PUNGART;4.500;15.005;327;P;;;200;0;195;0;3;2;0;0;1252
RT;933;1193;BREG - LISCA;0;4.650;454;O;;BREG 1;590;9;549;2;23;6;1;0;1253
RT;933;1193;LISCA-JURKLOSTER;4.650;12.370;287;O;;JURKLOSTER;153;4;137;4;7;1;0;0;1253
RT;934;6838;SEZANA-LIPICA;0;3.494;57;O;;LOKEV 1;1.900;13;1.739;17;79;48;2;2;1254
RT;934;6840;LIPICA-LOKEV;0;4.139;75;O;;LOKEV 2;620;0;552;2;38;27;0;1;1255
RT;935;9042;FRAM-CESTNIK-AREH;0;13.900;495;P;;;200;1;184;4;6;3;2;0;1256
RT;936;1063;COL-PREDMEJA;0;14.738;223;O;;PREDMEJA;50;1;47;0;1;1;0;0;1257
RT;937;8710;BRESTRNICA-GAJ-SV. JURIJ;0;14.367;486;P;;;50;0;47;0;1;2;0;0;1258
RT;938;2503;CERMOSNJICE-KOMARNA V.-GRICICE;0;6.317;498;P;;;50;6;38;0;0;0;0;6;1259